x,y,z,D_020,D_040,D_260,D_280,D_300,D_320,D_340,D_360
-60,-60,7,7.364955681818181e-05,3.256772727272727e-05,4.409931818181818e-05,6.629272727272728e-05,5.887155511363636e-05,7.573727272727271e-05,9.054813920454545e-05,7.910490909090909e-05
-56,-60,7,7.051970454545455e-05,3.017877272727272e-05,4.303153409090909e-05,6.48375284090909e-05,5.749947954545455e-05,7.326254545454545e-05,8.752785511363636e-05,7.556199999999999e-05
-52,-60,7,6.822350284090909e-05,2.7816681818181815e-05,4.110732954545455e-05,6.348363636363635e-05,5.692926988636365e-05,7.193145454545455e-05,8.555514204545454e-05,7.234181818181817e-05
-48,-60,7,6.632197159090909e-05,2.576959090909091e-05,3.932863636363636e-05,6.124227272727273e-05,5.6444921590909086e-05,6.98750909090909e-05,8.377133522727271e-05,6.9448e-05
-44,-60,7,6.43484659090909e-05,2.3770113636363636e-05,3.8484232954545444e-05,6.0104232954545444e-05,5.5912488068181806e-05,6.800381818181817e-05,8.117539772727273e-05,6.686109090909089e-05
-40,-60,7,6.207903409090908e-05,2.203975e-05,3.708789772727273e-05,5.903883522727272e-05,5.479936875e-05,6.701763636363636e-05,7.956923295454545e-05,6.454381818181819e-05
-36,-60,7,6.007244318181818e-05,1.9782181818181816e-05,3.558948863636363e-05,5.803937499999999e-05,5.431418522727272e-05,6.539654545454546e-05,7.735350852272727e-05,6.24469090909091e-05
-32,-60,7,5.872517897727273e-05,1.838306818181818e-05,3.489323863636363e-05,5.628633522727273e-05,5.330398977272728e-05,6.40561818181818e-05,7.579794034090908e-05,6.052181818181819e-05
-28,-60,7,5.761475284090907e-05,1.7105136363636362e-05,3.353681818181818e-05,5.54369034090909e-05,5.285102215909091e-05,6.326654545454545e-05,7.422870738636362e-05,5.873109090909091e-05
-24,-60,7,5.6154426136363634e-05,1.587775e-05,3.226034090909091e-05,5.46409375e-05,5.193282102272726e-05,6.193927272727272e-05,7.197623579545455e-05,5.705781818181818e-05
-20,-60,7,5.519485227272726e-05,1.4818477272727271e-05,3.167011363636364e-05,5.3197187499999995e-05,5.152033806818182e-05,6.126836363636364e-05,7.049249999999998e-05,5.551145454545454e-05
-16,-60,7,5.397374147727272e-05,1.3795136363636363e-05,3.049622159090909e-05,5.287355113636364e-05,5.0735928409090906e-05,6.018181818181818e-05,6.873860795454545e-05,5.411458181818181e-05
-12,-60,7,5.3185499999999994e-05,1.2873454545454546e-05,2.9385568181818178e-05,5.227999999999999e-05,5.044009090909092e-05,5.9294363636363634e-05,6.756306818181816e-05,5.286996363636363e-05
-8,-60,7,5.357498011363636e-05,1.1505e-05,2.8661249999999996e-05,5.209553977272727e-05,5.081955852272726e-05,6.0621090909090905e-05,6.774144886363635e-05,5.346805454545454e-05
-4,-60,7,5.209616761363636e-05,1.0805840909090908e-05,2.8060340909090907e-05,5.1694289772727274e-05,5.039285284090907e-05,5.961327272727273e-05,6.692599431818181e-05,5.224883636363635e-05
0,-60,7,5.017860511363637e-05,9.715681818181818e-06,2.780017045454545e-05,5.103588068181818e-05,4.9709863636363644e-05,5.823309090909089e-05,6.525464488636363e-05,5.018503636363637e-05
4,-60,7,4.935436363636364e-05,8.96331818181818e-06,2.724534090909091e-05,5.037298295454545e-05,4.883526136363636e-05,5.693054545454545e-05,6.329134943181817e-05,4.931329090909091e-05
8,-60,7,4.855561363636364e-05,8.435818181818183e-06,2.661542613636363e-05,4.83334375e-05,4.826910852272727e-05,5.696236363636364e-05,6.451397727272726e-05,4.8509163636363634e-05
12,-60,7,4.5487329545454544e-05,7.176181818181818e-06,2.591394886363636e-05,4.7848863636363636e-05,4.632677556818182e-05,5.5339999999999995e-05,6.203105113636363e-05,4.5275090909090906e-05
16,-60,7,4.379635227272727e-05,6.293595454545454e-06,2.523715909090909e-05,4.705119318181818e-05,4.601497329545454e-05,5.506254545454546e-05,6.094414772727273e-05,4.351507272727273e-05
20,-60,7,4.2921639204545446e-05,5.4506772727272725e-06,2.483957386363636e-05,4.598380681818181e-05,4.6235556818181814e-05,5.474581818181817e-05,6.008936079545454e-05,4.186001818181818e-05
24,-60,7,4.271543181818182e-05,4.542670454545455e-06,2.4172073863636363e-05,4.583610795454545e-05,4.609437954545454e-05,5.479763636363637e-05,5.858863636363636e-05,4.0766545454545445e-05
28,-60,7,4.1451826704545444e-05,3.6477954545454543e-06,2.3529630681818176e-05,4.5926761363636356e-05,4.62138409090909e-05,5.443761818181818e-05,5.743747159090909e-05,4.112605454545454e-05
32,-60,7,3.93225596590909e-05,2.9522749999999996e-06,2.3308977272727272e-05,4.54528125e-05,4.600653750000001e-05,5.393134545454545e-05,5.559937499999999e-05,4.2170454545454544e-05
36,-60,7,3.683495454545455e-05,2.339490909090909e-06,2.2810397727272724e-05,4.5678011363636356e-05,4.604709374999999e-05,5.3522290909090904e-05,5.317899289772727e-05,4.238532727272727e-05
40,-60,7,3.428769886363636e-05,1.8340545454545453e-06,2.234684659090909e-05,4.5995028409090905e-05,4.582909943181818e-05,5.243927272727272e-05,5.153126136363636e-05,4.165747272727273e-05
-60,-56,7,7.773801136363637e-05,3.6342340909090906e-05,4.800116477272727e-05,7.105633522727272e-05,6.406730113636362e-05,7.924381818181818e-05,9.50911221590909e-05,8.294254545454546e-05
-56,-56,7,7.528886079545453e-05,3.262131818181818e-05,4.6778238636363625e-05,6.937576704545454e-05,6.234291477272726e-05,7.673599999999999e-05,9.148639204545454e-05,7.90849090909091e-05
-52,-56,7,7.267280113636363e-05,3.003279545454545e-05,4.489960227272727e-05,6.848113636363636e-05,6.15464659090909e-05,7.530072727272727e-05,8.93914346590909e-05,7.558345454545455e-05
-48,-56,7,6.957549715909091e-05,2.779527272727273e-05,4.2888210227272724e-05,6.589900568181818e-05,6.003196022727273e-05,7.303709090909091e-05,8.658978693181815e-05,7.2442e-05
-44,-56,7,6.678258238636363e-05,2.5603772727272725e-05,4.1911477272727266e-05,6.455301136363637e-05,5.932482102272725e-05,7.183763636363636e-05,8.476757102272727e-05,6.963999999999999e-05
-40,-56,7,6.483190909090908e-05,2.3714409090909087e-05,4.0126874999999995e-05,6.329196022727271e-05,5.797201534090909e-05,6.988127272727271e-05,8.299151988636363e-05,6.713545454545453e-05
-36,-56,7,6.325084943181817e-05,2.188031818181818e-05,3.8467073863636354e-05,6.117926136363637e-05,5.7325501704545446e-05,6.807527272727273e-05,8.033076704545454e-05,6.487363636363636e-05
-32,-56,7,6.120023011363637e-05,2.0301431818181816e-05,3.767650568181818e-05,6.010664772727272e-05,5.609848125e-05,6.711563636363637e-05,7.860051136363636e-05,6.2798e-05
-28,-56,7,5.9834991477272716e-05,1.885959090909091e-05,3.617812499999999e-05,5.9101562500000004e-05,5.5495602272727265e-05,6.551127272727272e-05,7.628802556818182e-05,6.086363636363635e-05
-24,-56,7,5.819540625e-05,1.7469022727272726e-05,3.47640909090909e-05,5.8153124999999985e-05,5.437707784090908e-05,6.402636363636364e-05,7.458953124999998e-05,5.904418181818181e-05
-20,-56,7,5.671943181818181e-05,1.6279613636363637e-05,3.342372159090909e-05,5.648190340909089e-05,5.381858522727272e-05,6.325363636363636e-05,7.292593749999998e-05,5.733854545454545e-05
-16,-56,7,5.614448011363636e-05,1.5122272727272725e-05,3.2769602272727266e-05,5.566599431818181e-05,5.2825798295454544e-05,6.213872727272728e-05,7.072849431818181e-05,5.576618181818182e-05
-12,-56,7,5.479384090909091e-05,1.4112386363636363e-05,3.166426136363636e-05,5.490747159090907e-05,5.2357581818181815e-05,6.1064e-05,6.940411931818181e-05,5.4349345454545453e-05
-8,-56,7,5.5081329545454534e-05,1.2803977272727274e-05,3.0719204545454544e-05,5.453170454545453e-05,5.2787413636363627e-05,6.216836363636363e-05,6.959007102272727e-05,5.446310909090909e-05
-4,-56,7,5.379085227272726e-05,1.1773204545454544e-05,3.022982954545454e-05,5.4481960227272724e-05,5.2708735227272724e-05,6.155199999999998e-05,6.897294034090909e-05,5.351272727272727e-05
0,-56,7,5.2991974431818175e-05,1.070225e-05,2.9436875e-05,5.412372159090908e-05,5.287556590909091e-05,6.129327272727273e-05,6.868819602272726e-05,5.275263636363636e-05
4,-56,7,5.106952840909091e-05,9.74240909090909e-06,2.8182301136363637e-05,5.1533664772727266e-05,5.144504829545454e-05,6.0100909090909096e-05,6.701629261363636e-05,5.10276e-05
8,-56,7,4.954576704545454e-05,8.699477272727273e-06,2.775389204545454e-05,5.055886363636363e-05,5.076727329545454e-05,5.927599999999999e-05,6.628725852272727e-05,4.9376618181818184e-05
12,-56,7,4.6381985795454546e-05,7.736454545454544e-06,2.7361903409090907e-05,5.086994318181818e-05,4.900805795454545e-05,5.733218181818182e-05,6.327306818181819e-05,4.6222999999999994e-05
16,-56,7,4.4748230113636356e-05,7.0789999999999995e-06,2.6529176136363635e-05,5.051761363636364e-05,4.8492579545454544e-05,5.682363636363636e-05,6.259776988636363e-05,4.449974545454545e-05
20,-56,7,4.412421306818182e-05,6.3691840909090904e-06,2.6242698863636358e-05,4.947136363636363e-05,4.8438444886363635e-05,5.664581818181819e-05,6.173522727272727e-05,4.2801345454545455e-05
24,-56,7,4.4001357954545454e-05,5.619995454545455e-06,2.561272727272727e-05,4.948653409090908e-05,4.856440909090909e-05,5.664927272727271e-05,6.016913352272726e-05,4.157749090909091e-05
28,-56,7,4.291455681818181e-05,4.578015909090909e-06,2.5002926136363633e-05,4.955528409090908e-05,4.855976761363635e-05,5.6173272727272724e-05,5.852677556818181e-05,4.2023981818181823e-05
32,-56,7,4.0891730113636364e-05,3.644343181818181e-06,2.4457215909090906e-05,4.880517045454545e-05,4.821940056818182e-05,5.576981818181819e-05,5.588153409090908e-05,4.32926e-05
36,-56,7,3.9191497159090905e-05,2.9149204545454546e-06,2.4384460227272723e-05,4.891295454545454e-05,4.808391477272727e-05,5.4562e-05,5.421703551136364e-05,4.375229090909091e-05
40,-56,7,3.6547874999999994e-05,2.082743181818182e-06,2.3996335227272724e-05,4.909718749999999e-05,4.7650586931818176e-05,5.307970909090909e-05,5.276642755681818e-05,4.318056363636363e-05
-60,-52,7,8.363096590909091e-05,3.941279545454545e-05,5.2625340909090906e-05,7.71900284090909e-05,6.881449431818181e-05,8.342963636363636e-05,9.879963068181819e-05,8.72430909090909e-05
-56,-52,7,7.964079545454544e-05,3.648647727272727e-05,5.1202698863636356e-05,7.518531249999999e-05,6.674193749999998e-05,8.164e-05,9.625078124999999e-05,8.303036363636364e-05
-52,-52,7,7.593253977272727e-05,3.355077272727272e-05,4.8762926136363636e-05,7.332366477272725e-05,6.657381818181817e-05,7.888e-05,9.394124999999998e-05,7.920745454545453e-05
-48,-52,7,7.324601420454545e-05,3.1018136363636366e-05,4.6515795454545444e-05,7.039806818181818e-05,6.46811931818182e-05,7.636927272727272e-05,9.058654829545455e-05,7.578145454545452e-05
-44,-52,7,7.102853693181818e-05,2.852097727272727e-05,4.54028125e-05,6.8840625e-05,6.372402272727272e-05,7.50341818181818e-05,8.856582386363635e-05,7.273236363636362e-05
-40,-52,7,6.813360511363636e-05,2.6376704545454546e-05,4.341514204545454e-05,6.738855113636362e-05,6.20360284090909e-05,7.305618181818181e-05,8.576325284090908e-05,7.00141818181818e-05
-36,-52,7,6.614232954545454e-05,2.441022727272727e-05,4.1565625e-05,6.559301136363636e-05,6.116381249999999e-05,7.102454545454544e-05,8.385904829545455e-05,6.756563636363637e-05
-32,-52,7,6.38415e-05,2.250322727272727e-05,4.066698863636363e-05,6.433928977272727e-05,5.964220738636363e-05,6.99350909090909e-05,8.194708806818181e-05,6.532327272727272e-05
-28,-52,7,6.181519602272726e-05,2.0267204545454546e-05,3.9011022727272724e-05,6.315826704545455e-05,5.883863522727272e-05,6.813436363636362e-05,7.913214488636361e-05,6.323418181818182e-05
-24,-52,7,6.103580113636363e-05,1.875038636363636e-05,3.7643892045454545e-05,6.203889204545453e-05,5.7460844318181805e-05,6.7174e-05,7.725083806818182e-05,6.126436363636363e-05
-20,-52,7,5.933408522727271e-05,1.746397727272727e-05,3.6154545454545456e-05,6.012482954545454e-05,5.6722765909090914e-05,6.559272727272728e-05,7.488923295454546e-05,5.940327272727272e-05
-16,-52,7,5.818819602272728e-05,1.6216931818181818e-05,3.542167613636363e-05,5.9148125e-05,5.5488395454545454e-05,6.415418181818182e-05,7.319332386363636e-05,5.7660363636363636e-05
-12,-52,7,5.666678693181819e-05,1.5152636363636362e-05,3.403426136363636e-05,5.8226022727272715e-05,5.484042613636364e-05,6.343836363636364e-05,7.167321022727273e-05,5.605363636363636e-05
-8,-52,7,5.563045738636363e-05,1.4146795454545455e-05,3.2751278409090905e-05,5.6670028409090914e-05,5.3825577272727274e-05,6.228727272727273e-05,6.979910511363636e-05,5.459781818181819e-05
-4,-52,7,5.575402840909091e-05,1.3064568181818181e-05,3.227545454545455e-05,5.6067528409090914e-05,5.3369042045454524e-05,6.148054545454545e-05,6.883352272727272e-05,5.329121818181818e-05
0,-52,7,5.4106338068181807e-05,1.2132181818181816e-05,3.157045454545454e-05,5.64934375e-05,5.382538636363636e-05,6.254963636363636e-05,6.942720170454547e-05,5.349561818181818e-05
4,-52,7,5.243783522727272e-05,1.0835977272727273e-05,3.0804829545454543e-05,5.571326704545454e-05,5.356509375e-05,6.182818181818181e-05,6.88006534090909e-05,5.189732727272727e-05
8,-52,7,4.9723338068181805e-05,9.386227272727272e-06,3.036832386363636e-05,5.440017045454545e-05,5.164512102272727e-05,5.947854545454545e-05,6.620028409090909e-05,4.8924599999999996e-05
12,-52,7,4.8312715909090915e-05,8.371431818181818e-06,2.9654715909090908e-05,5.424826704545453e-05,5.131283181818182e-05,5.9218e-05,6.501920454545454e-05,4.73537090909091e-05
16,-52,7,4.6466130681818176e-05,7.762545454545454e-06,2.8816818181818178e-05,5.392133522727271e-05,5.0768633522727265e-05,5.8660363636363626e-05,6.426080965909091e-05,4.566954545454546e-05
20,-52,7,4.528145454545454e-05,7.040545454545454e-06,2.7983039772727273e-05,5.302553977272726e-05,5.065920681818183e-05,5.86250909090909e-05,6.28875e-05,4.38968e-05
24,-52,7,4.508578125e-05,6.410024999999999e-06,2.7854943181818178e-05,5.2940454545454544e-05,5.037513409090908e-05,5.826727272727272e-05,6.185156249999999e-05,4.248216363636364e-05
28,-52,7,4.4972360795454543e-05,5.336818181818182e-06,2.7120625e-05,5.2905113636363634e-05,5.0349874431818175e-05,5.7679818181818176e-05,5.992316761363635e-05,4.294878181818182e-05
32,-52,7,4.3179826704545445e-05,4.252979545454545e-06,2.6440170454545448e-05,5.210105113636364e-05,4.9880679545454545e-05,5.6991636363636364e-05,5.697379261363635e-05,4.43452e-05
36,-52,7,4.063673863636363e-05,3.3969477272727265e-06,2.6417869318181816e-05,5.199744318181818e-05,4.952585113636363e-05,5.519563636363636e-05,5.5138632102272725e-05,4.508716363636363e-05
40,-52,7,3.8244196022727274e-05,2.5961136363636363e-06,2.5900227272727276e-05,5.192275568181818e-05,4.904501079545455e-05,5.352523636363636e-05,5.3653197443181816e-05,4.479354545454546e-05
-60,-48,7,8.799443181818181e-05,4.424111363636364e-05,5.736011363636364e-05,8.417698863636364e-05,7.5061875e-05,8.824309090909091e-05,0.00010412852272727273,9.20841818181818e-05
-56,-48,7,8.460051136363635e-05,4.095415909090909e-05,5.572931818181817e-05,8.177582386363637e-05,7.250178409090908e-05,8.625563636363637e-05,0.00010136786931818182,8.746963636363636e-05
-52,-48,7,8.043110795454545e-05,3.762490909090908e-05,5.29847443181818e-05,7.954798295454545e-05,7.116327272727273e-05,8.315927272727273e-05,9.907698863636361e-05,8.327927272727273e-05
-48,-48,7,7.773059659090908e-05,3.3646795454545456e-05,5.046536931818182e-05,7.614272727272727e-05,6.889980681818181e-05,8.033854545454545e-05,9.531640625e-05,7.952654545454545e-05
-44,-48,7,7.49140568181818e-05,3.089440909090909e-05,4.919857954545454e-05,7.430545454545454e-05,6.770113636363636e-05,7.8826e-05,9.306448863636363e-05,7.619272727272728e-05
-40,-48,7,7.164432102272726e-05,2.853738636363636e-05,4.698397727272727e-05,7.259684659090908e-05,6.569098295454544e-05,7.635581818181818e-05,8.968892045454545e-05,7.322890909090909e-05
-36,-48,7,6.939910227272726e-05,2.637581818181818e-05,4.518948863636364e-05,6.986943181818182e-05,6.46086477272727e-05,7.502418181818183e-05,8.756238636363636e-05,7.056727272727272e-05
-32,-48,7,6.757586079545456e-05,2.4277318181818178e-05,4.3252698863636366e-05,6.842380681818181e-05,6.281350568181817e-05,7.284890909090908e-05,8.569714488636362e-05,6.813636363636363e-05
-28,-48,7,6.521307954545455e-05,2.2494409090909086e-05,4.230022727272727e-05,6.70628693181818e-05,6.183175568181818e-05,7.08421818181818e-05,8.2574375e-05,6.587654545454544e-05
-24,-48,7,6.366011931818181e-05,2.07715e-05,4.0564573863636366e-05,6.481303977272726e-05,6.022334659090907e-05,6.995327272727272e-05,8.050471590909092e-05,6.374709090909091e-05
-20,-48,7,6.176495454545455e-05,1.9317772727272727e-05,3.892667613636363e-05,6.415701704545454e-05,5.933522556818182e-05,6.819454545454545e-05,7.762015624999999e-05,6.173036363636364e-05
-16,-48,7,6.0037338068181815e-05,1.7916181818181817e-05,3.811954545454545e-05,6.301829545454544e-05,5.790134318181818e-05,6.658490909090908e-05,7.577651988636363e-05,5.982836363636363e-05
-12,-48,7,5.937476420454545e-05,1.6746681818181817e-05,3.661892045454545e-05,6.194607954545455e-05,5.711817443181819e-05,6.5772e-05,7.432694602272726e-05,5.805272727272726e-05
-8,-48,7,5.773003977272726e-05,1.5682772727272726e-05,3.5221335227272726e-05,6.013499999999999e-05,5.589303920454544e-05,6.442818181818181e-05,7.21784375e-05,5.641145454545454e-05
-4,-48,7,5.609142613636362e-05,1.4583568181818178e-05,3.4628494318181814e-05,5.929997159090909e-05,5.527433863636362e-05,6.326545454545455e-05,7.104019886363636e-05,5.489618181818182e-05
0,-48,7,5.481127840909091e-05,1.3113659090909089e-05,3.363153409090909e-05,5.861414772727273e-05,5.434048295454546e-05,6.276890909090908e-05,6.95481534090909e-05,5.3466581818181815e-05
4,-48,7,5.3593056818181806e-05,1.1839613636363636e-05,3.266974431818181e-05,5.7395482954545444e-05,5.3917273295454544e-05,6.1878e-05,6.879345170454545e-05,5.169032727272727e-05
8,-48,7,5.213142613636363e-05,1.0411068181818182e-05,3.23631534090909e-05,5.701022727272727e-05,5.321608806818181e-05,6.152872727272727e-05,6.812609375000001e-05,5.023925454545454e-05
12,-48,7,5.010739772727273e-05,9.01640909090909e-06,3.161170454545455e-05,5.669860795454545e-05,5.291050227272727e-05,6.102527272727274e-05,6.690328125e-05,4.8712909090909096e-05
16,-48,7,4.782825e-05,8.186386363636362e-06,3.0936875e-05,5.5844971590909095e-05,5.241385227272727e-05,6.0512909090909084e-05,6.616649147727273e-05,4.7048109090909084e-05
20,-48,7,4.662501136363636e-05,7.803295454545452e-06,3.0303039772727278e-05,5.577275568181818e-05,5.2781913068181815e-05,6.0556e-05,6.475938920454544e-05,4.517872727272728e-05
24,-48,7,4.661406818181818e-05,7.392249999999999e-06,3.0231278409090906e-05,5.582542613636363e-05,5.2582890340909084e-05,6.0153454545454544e-05,6.332071022727273e-05,4.352523636363636e-05
28,-48,7,4.637889204545455e-05,6.7455749999999985e-06,2.9626221590909088e-05,5.5982357954545454e-05,5.244505397727273e-05,5.9184181818181815e-05,6.063336647727272e-05,4.4024836363636365e-05
32,-48,7,4.494403125e-05,5.275570454545455e-06,2.895142045454546e-05,5.5091278409090905e-05,5.1582956249999996e-05,5.785745454545454e-05,5.8234644886363635e-05,4.536776363636363e-05
36,-48,7,4.236338352272727e-05,4.279118181818182e-06,2.8829602272727267e-05,5.475818181818182e-05,5.074093977272728e-05,5.5932909090909084e-05,5.667778409090909e-05,4.634449090909091e-05
40,-48,7,4.065683522727272e-05,3.489822727272727e-06,2.8184346590909086e-05,5.441286931818182e-05,4.983688977272727e-05,5.4718909090909085e-05,5.5398835227272714e-05,4.62572e-05
-60,-44,7,9.405997159090907e-05,4.821613636363636e-05,6.261994318181816e-05,9.097670454545452e-05,8.084474999999997e-05,9.342472727272728e-05,0.00011055650568181819,9.754163636363638e-05
-56,-44,7,9.063357954545453e-05,4.462847727272727e-05,6.0748607954545446e-05,8.929232954545455e-05,7.88413977272727e-05,9.120654545454547e-05,0.00010747214488636363,9.248018181818182e-05
-52,-44,7,8.69865340909091e-05,4.097097727272727e-05,5.764176136363635e-05,8.663693181818181e-05,7.712727272727273e-05,8.769781818181818e-05,0.00010302278409090907,8.787363636363635e-05
-48,-44,7,8.253051136363636e-05,3.783086363636363e-05,5.5175738636363634e-05,8.266738636363634e-05,7.435205113636364e-05,8.610727272727271e-05,0.00010040579545454544,8.374672727272728e-05
-44,-44,7,7.935059659090908e-05,3.490211363636363e-05,5.2535767045454535e-05,8.04846875e-05,7.281857386363635e-05,8.305545454545455e-05,9.815535511363637e-05,8.008509090909093e-05
-40,-44,7,7.67308806818182e-05,3.199504545454545e-05,5.120125e-05,7.845423295454544e-05,7.037088068181817e-05,8.024781818181817e-05,9.436799715909091e-05,7.683727272727274e-05
-36,-44,7,7.332755113636364e-05,2.952029545454545e-05,4.888224431818181e-05,7.529704545454544e-05,6.9006e-05,7.872781818181817e-05,9.199863636363636e-05,7.392927272727272e-05
-32,-44,7,7.102874147727273e-05,2.7105704545454542e-05,4.672812499999999e-05,7.359184659090909e-05,6.684932386363636e-05,7.627872727272726e-05,8.845761363636363e-05,7.128236363636364e-05
-28,-44,7,6.835581818181817e-05,2.506606818181818e-05,4.565196022727272e-05,7.199411931818182e-05,6.563764772727272e-05,7.403581818181817e-05,8.614531249999998e-05,6.882836363636364e-05
-24,-44,7,6.601226420454545e-05,2.309388636363636e-05,4.373264204545454e-05,6.941920454545454e-05,6.373547727272725e-05,7.284854545454544e-05,8.416502840909091e-05,6.652072727272726e-05
-20,-44,7,6.514141193181817e-05,2.080854545454545e-05,4.193323863636363e-05,6.805181818181818e-05,6.266304545454543e-05,7.09070909090909e-05,8.097799715909089e-05,6.4336e-05
-16,-44,7,6.317872159090908e-05,1.9377045454545453e-05,4.1047812499999994e-05,6.676451704545455e-05,6.098996590909091e-05,6.990636363636363e-05,7.896133522727272e-05,6.227072727272727e-05
-12,-44,7,6.137123011363636e-05,1.799722727272727e-05,3.962076704545454e-05,6.556022727272727e-05,6.005773295454545e-05,6.843763636363637e-05,7.631110795454543e-05,6.0331090909090906e-05
-8,-44,7,6.0118721590909085e-05,1.685556818181818e-05,3.808573863636364e-05,6.354718749999999e-05,5.862084375000001e-05,6.692727272727272e-05,7.481241477272726e-05,5.8520727272727266e-05
-4,-44,7,5.839146306818182e-05,1.5715522727272726e-05,3.7394119318181815e-05,6.302965909090908e-05,5.7860381250000006e-05,6.622618181818182e-05,7.367805397727272e-05,5.683036363636363e-05
0,-44,7,5.765376988636364e-05,1.4697863636363636e-05,3.609269886363637e-05,6.215582386363635e-05,5.670913977272726e-05,6.500563636363637e-05,7.194687499999999e-05,5.5234909090909085e-05
4,-44,7,5.5809818181818175e-05,1.3525840909090905e-05,3.494911931818182e-05,6.0629062500000006e-05,5.6159440909090897e-05,6.395327272727272e-05,7.109578124999999e-05,5.330929090909091e-05
8,-44,7,5.389366193181817e-05,1.2243363636363635e-05,3.395815340909091e-05,6.00809659090909e-05,5.53111125e-05,6.355127272727272e-05,6.972154829545455e-05,5.181234545454545e-05
12,-44,7,5.224067897727272e-05,1.0678954545454545e-05,3.366181818181817e-05,5.9682130681818166e-05,5.4981221590909095e-05,6.277727272727273e-05,6.897737215909091e-05,5.029276363636364e-05
16,-44,7,5.054545738636363e-05,9.135840909090909e-06,3.2911249999999994e-05,5.875142045454544e-05,5.4508196590909086e-05,6.223399999999999e-05,6.824723011363636e-05,4.86347090909091e-05
20,-44,7,4.823588352272727e-05,8.237931818181817e-06,3.2304914772727275e-05,5.8794062499999994e-05,5.456480113636364e-05,6.228781818181818e-05,6.675518465909091e-05,4.666683636363636e-05
24,-44,7,5.0395346590909084e-05,8.49115909090909e-06,3.278525568181818e-05,6.019661931818181e-05,5.5887502840909084e-05,6.3776e-05,6.770599431818182e-05,4.742985454545455e-05
28,-44,7,5.000688920454545e-05,8.158636363636364e-06,3.224767045454545e-05,6.029386363636362e-05,5.58731846590909e-05,6.332327272727272e-05,6.449163352272727e-05,4.8807727272727266e-05
32,-44,7,4.8138059659090906e-05,5.985661363636362e-06,3.162991477272727e-05,5.910085227272726e-05,5.4864599999999996e-05,6.0844727272727266e-05,6.241421875e-05,4.987149090909091e-05
36,-44,7,4.492598011363636e-05,4.9293068181818185e-06,3.080423295454545e-05,5.696511363636363e-05,5.1501736363636354e-05,5.697818181818182e-05,5.855650568181818e-05,4.76036e-05
40,-44,7,4.220023295454545e-05,4.0964681818181815e-06,3.080605113636363e-05,5.6403352272727273e-05,5.058994261363636e-05,5.791290909090909e-05,5.7423437499999996e-05,4.7524036363636367e-05
-60,-40,7,0.00010276798295454544,5.4436249999999996e-05,6.911642045454545e-05,9.989999999999999e-05,8.836155681818182e-05,0.00010143709090909091,0.00011744539772727272,0.00010532072727272727
-56,-40,7,9.715602272727273e-05,5.040836363636364e-05,6.53003125e-05,9.6596875e-05,8.47193693181818e-05,9.711545454545455e-05,0.00011439963068181819,9.966109090909089e-05
-52,-40,7,9.308582386363636e-05,4.625893181818181e-05,6.332894886363635e-05,9.354005681818181e-05,8.265540340909092e-05,9.3124e-05,0.00010940238636363635,9.447236363636364e-05
-48,-40,7,8.804607954545454e-05,4.271020454545454e-05,6.005355113636364e-05,8.901335227272727e-05,7.939622727272727e-05,9.095145454545454e-05,0.00010647036931818182,8.98089090909091e-05
-44,-40,7,8.480454545454545e-05,3.938436363636363e-05,5.7064062499999995e-05,8.648380681818182e-05,7.755073295454543e-05,8.749381818181819e-05,0.0001020666193181818,8.566945454545455e-05
-40,-40,7,8.146687500000001e-05,3.4846954545454545e-05,5.554423295454545e-05,8.508852272727273e-05,7.469007954545455e-05,8.432745454545455e-05,9.938149147727273e-05,8.200436363636362e-05
-36,-40,7,7.75840909090909e-05,3.211211363636364e-05,5.2938522727272716e-05,8.142014204545454e-05,7.306639772727274e-05,8.285781818181818e-05,9.70269034090909e-05,7.873218181818181e-05
-32,-40,7,7.417848579545454e-05,2.9429090909090903e-05,5.053198863636363e-05,7.940843749999998e-05,7.057205113636362e-05,8.010981818181818e-05,9.305802556818181e-05,7.576527272727272e-05
-28,-40,7,7.283219318181818e-05,2.7170772727272725e-05,4.9321079545454544e-05,7.75315340909091e-05,6.915276136363635e-05,7.865436363636364e-05,9.049071022727273e-05,7.302509090909091e-05
-24,-40,7,7.006638068181818e-05,2.4984590909090905e-05,4.746082386363635e-05,7.457377840909092e-05,6.697818749999999e-05,7.630090909090909e-05,8.681248579545454e-05,7.045636363636362e-05
-20,-40,7,6.828279545454546e-05,2.3156431818181818e-05,4.54578125e-05,7.298301136363634e-05,6.574157386363636e-05,7.415527272727274e-05,8.445697443181817e-05,6.802781818181819e-05
-16,-40,7,6.608850852272726e-05,2.151125e-05,4.4470539772727274e-05,7.149335227272727e-05,6.384906818181817e-05,7.306272727272726e-05,8.254889204545454e-05,6.573054545454546e-05
-12,-40,7,6.410111931818182e-05,1.992115909090909e-05,4.2674545454545455e-05,7.010403409090908e-05,6.278534659090909e-05,7.121436363636363e-05,7.962223011363635e-05,6.356600000000001e-05
-8,-40,7,6.337541761363636e-05,1.86085e-05,4.1004630681818174e-05,6.782088068181819e-05,6.116381249999999e-05,6.953363636363635e-05,7.797137784090909e-05,6.153436363636364e-05
-4,-40,7,6.152517613636362e-05,1.7339863636363634e-05,3.9464034090909085e-05,6.66878125e-05,6.028658522727273e-05,6.873836363636362e-05,7.577928977272726e-05,5.962690909090909e-05
0,-40,7,5.969073579545454e-05,1.6278545454545455e-05,3.879625e-05,6.568090909090907e-05,5.8958812500000006e-05,6.733872727272727e-05,7.467576704545455e-05,5.782527272727272e-05
4,-40,7,5.8271343749999994e-05,1.5150545454545452e-05,3.749690340909091e-05,6.393832386363636e-05,5.8296548863636356e-05,6.634036363636363e-05,7.376835227272727e-05,5.568436363636363e-05
8,-40,7,5.689700284090908e-05,1.3530295454545452e-05,3.63475e-05,6.362303977272725e-05,5.729203295454546e-05,6.585381818181818e-05,7.219598011363636e-05,5.4080963636363634e-05
12,-40,7,5.483912215909091e-05,1.2085022727272726e-05,3.596798295454545e-05,6.306272727272727e-05,5.688330852272727e-05,6.496054545454545e-05,7.133842329545453e-05,5.2531563636363645e-05
16,-40,7,5.297438352272727e-05,1.0373863636363635e-05,3.515127840909091e-05,6.195369318181819e-05,5.674940965909091e-05,6.479818181818182e-05,6.981553977272727e-05,5.0894836363636365e-05
20,-40,7,5.165140909090909e-05,9.140931818181816e-06,3.4858437500000004e-05,6.311590909090909e-05,5.8209470454545456e-05,6.616163636363637e-05,7.08320880681818e-05,5.0901927272727264e-05
24,-40,7,5.207384659090909e-05,8.347840909090909e-06,3.533099431818182e-05,6.406411931818182e-05,5.858538238636362e-05,6.647800000000001e-05,6.900673295454546e-05,4.8295000000000004e-05
28,-40,7,4.903713920454545e-05,7.281840909090908e-06,3.433323863636364e-05,6.296392045454546e-05,5.722383068181817e-05,6.294509090909091e-05,6.421058238636363e-05,4.7426490909090914e-05
32,-40,7,5.146335511363636e-05,9.178840909090908e-06,3.421673295454545e-05,6.160980113636364e-05,5.54413125e-05,6.198436363636364e-05,6.453964488636363e-05,5.08546909090909e-05
36,-40,7,4.7450838068181816e-05,5.3727681818181814e-06,3.37390909090909e-05,6.130036931818182e-05,5.403007670454545e-05,6.125181818181818e-05,6.252575284090908e-05,5.152763636363636e-05
40,-40,7,4.458109090909091e-05,4.598272727272727e-06,3.236809659090909e-05,6.013127840909089e-05,5.276016136363636e-05,6.023054545454545e-05,6.174076704545454e-05,5.1732254545454544e-05
-60,-36,7,0.00011076596590909088,5.9580409090909086e-05,7.603014204545454e-05,0.00010997102272727272,9.651325568181817e-05,0.00010807036363636364,0.00012556116477272728,0.00011230090909090907
-56,-36,7,0.00010458025568181817,5.5199363636363626e-05,7.162644886363636e-05,0.00010616306818181819,9.227936931818179e-05,0.00010368218181818182,0.00011973147727272728,0.00010619181818181817
-52,-36,7,0.00010048295454545454,5.064536363636363e-05,6.935335227272728e-05,0.0001005494318181818,8.978072727272727e-05,9.918654545454544e-05,0.00011631417613636362,0.0001005189090909091
-48,-36,7,9.611130681818181e-05,4.676061363636363e-05,6.55834943181818e-05,9.731903409090909e-05,8.590897159090909e-05,9.668672727272727e-05,0.00011337311079545453,9.53829090909091e-05
-44,-36,7,9.072562499999999e-05,4.310915909090909e-05,6.21606534090909e-05,9.432073863636361e-05,8.366316477272727e-05,9.273327272727273e-05,0.00010841021306818179,9.080909090909091e-05
-40,-36,7,8.584644886363635e-05,3.9412295454545454e-05,6.042181818181818e-05,9.154062499999998e-05,8.02678465909091e-05,9.059036363636364e-05,0.00010539602272727272,8.6756e-05
-36,-36,7,8.248934659090908e-05,3.627520454545454e-05,5.784954545454545e-05,8.737187499999999e-05,7.831126704545455e-05,8.721327272727272e-05,0.0001008295880681818,8.314163636363637e-05
-32,-36,7,7.97440909090909e-05,3.3165022727272726e-05,5.510144886363636e-05,8.505747159090907e-05,7.537675568181816e-05,8.4148e-05,9.793191761363636e-05,7.98710909090909e-05
-28,-36,7,7.704767045454545e-05,3.055115909090909e-05,5.3718664772727266e-05,8.290286931818181e-05,7.36904318181818e-05,8.253563636363637e-05,9.541999999999998e-05,7.685872727272729e-05
-24,-36,7,7.387790624999998e-05,2.800645454545454e-05,5.1301903409090905e-05,8.037230113636363e-05,7.116088636363637e-05,7.992672727272728e-05,9.130782670454545e-05,7.404145454545456e-05
-20,-36,7,7.11128096590909e-05,2.5888931818181816e-05,4.9074261363636366e-05,7.85119602272727e-05,6.971272159090907e-05,7.782072727272727e-05,8.870154829545453e-05,7.138181818181818e-05
-16,-36,7,7.012107102272727e-05,2.3986454545454543e-05,4.700536931818182e-05,7.677548295454545e-05,6.753576136363634e-05,7.661927272727272e-05,8.518139204545454e-05,6.886527272727272e-05
-12,-36,7,6.78331534090909e-05,2.1490818181818184e-05,4.6001221590909076e-05,7.400906249999998e-05,6.630439772727274e-05,7.456381818181818e-05,8.312078125e-05,6.649090909090909e-05
-8,-36,7,6.574499999999999e-05,2.0028749999999997e-05,4.4168636363636355e-05,7.255974431818182e-05,6.44510284090909e-05,7.355072727272727e-05,8.152458806818181e-05,6.425890909090909e-05
-4,-36,7,6.436101988636364e-05,1.861722727272727e-05,4.247715909090909e-05,7.123073863636363e-05,6.3433125e-05,7.177981818181819e-05,7.907711647727272e-05,6.216218181818181e-05
0,-36,7,6.242540624999999e-05,1.746313636363636e-05,4.1723409090909084e-05,7.002738636363637e-05,6.190036363636364e-05,7.018272727272728e-05,7.783048295454545e-05,6.018163636363636e-05
4,-36,7,6.107382102272728e-05,1.6309999999999998e-05,4.0426903409090905e-05,6.800125e-05,6.110749431818182e-05,6.946e-05,7.592867897727272e-05,5.784145454545454e-05
8,-36,7,5.954527840909091e-05,1.5238977272727272e-05,3.909258522727272e-05,6.711409090909089e-05,5.991073295454543e-05,6.816272727272726e-05,7.490936079545454e-05,5.611636363636363e-05
12,-36,7,5.74245255681818e-05,1.4020863636363636e-05,3.858676136363636e-05,6.639176136363636e-05,5.9379373295454534e-05,6.708945454545453e-05,7.394433238636363e-05,5.45098e-05
16,-36,7,5.5677528409090906e-05,1.2462477272727274e-05,3.751889204545454e-05,6.509710227272726e-05,5.8652105113636355e-05,6.680745454545455e-05,7.218194602272726e-05,5.290629090909091e-05
20,-36,7,5.495875568181817e-05,1.0591749999999997e-05,3.708360795454545e-05,6.612511363636363e-05,5.994485795454545e-05,6.831436363636363e-05,7.303359375e-05,5.302525454545454e-05
24,-36,7,5.347766761363636e-05,9.688772727272725e-06,3.706971590909091e-05,6.670974431818181e-05,6.0284914772727274e-05,6.832199999999999e-05,7.100197443181817e-05,5.058989090909091e-05
28,-36,7,5.077572443181818e-05,8.170227272727273e-06,3.595571022727272e-05,6.55553409090909e-05,5.885536363636363e-05,6.503745454545455e-05,6.733353693181818e-05,4.973321818181817e-05
36,-36,7,4.867465909090909e-05,5.840031818181817e-06,3.5019517045454545e-05,6.346312499999999e-05,5.4342392045454554e-05,6.438927272727271e-05,6.49652840909091e-05,5.267087272727273e-05
40,-36,7,4.7149849431818184e-05,4.6996159090909085e-06,3.405125e-05,6.25394318181818e-05,5.385115909090909e-05,6.284218181818183e-05,6.433892045454545e-05,5.3615e-05
-60,-32,7,0.00011985136363636362,6.74389318181818e-05,8.408730113636363e-05,0.00012086164772727272,0.00010375598863636361,0.0001155170909090909,0.00013441298295454544,0.0001197530909090909
-56,-32,7,0.00011492386363636365,6.261113636363637e-05,7.899875e-05,0.00011676619318181816,9.920483522727273e-05,0.000110426,0.0001281742755681818,0.00011336254545454545
-52,-32,7,0.00010842136363636363,5.7979795454545455e-05,7.637071022727271e-05,0.00011049857954545454,9.639680113636363e-05,0.0001074741818181818,0.0001244465625,0.00010726636363636363
-48,-32,7,0.0001021249431818182,5.313552272727273e-05,7.256144886363636e-05,0.00010676278409090908,9.202760795454544e-05,0.00010270636363636363,0.00012084017045454545,0.00010166036363636361
-44,-32,7,9.755795454545452e-05,4.901195454545455e-05,6.853369318181817e-05,0.0001032553977272727,8.944090909090909e-05,9.860672727272727e-05,0.00011528082386363636,9.662490909090908e-05
-40,-32,7,9.366059659090909e-05,4.478250000000001e-05,6.64962784090909e-05,9.998210227272727e-05,8.555984659090911e-05,9.618654545454547e-05,0.00011225204545454545,9.214290909090908e-05
-36,-32,7,8.968985795454546e-05,4.119534090909091e-05,6.30475284090909e-05,9.513181818181816e-05,8.32997215909091e-05,9.239945454545453e-05,0.00010710227272727272,8.813872727272726e-05
-32,-32,7,8.501931818181818e-05,3.6287499999999994e-05,5.990636363636362e-05,9.239431818181817e-05,7.994568749999998e-05,8.898490909090909e-05,0.00010385393465909092,8.451781818181819e-05
-28,-32,7,8.093019886363635e-05,3.337520454545454e-05,5.833338068181818e-05,8.9846875e-05,7.800652840909088e-05,8.720781818181817e-05,0.00010063735795454545,8.119e-05
-24,-32,7,7.936159090909089e-05,3.0728068181818184e-05,5.559789772727272e-05,8.598380681818181e-05,7.512976704545456e-05,8.43041818181818e-05,9.603269886363636e-05,7.808418181818183e-05
-20,-32,7,7.604089772727272e-05,2.8156e-05,5.3091960227272726e-05,8.384931818181818e-05,7.347542045454543e-05,8.282781818181818e-05,9.35128409090909e-05,7.51550909090909e-05
-16,-32,7,7.314606818181818e-05,2.603265909090909e-05,5.078093749999999e-05,8.186042613636364e-05,7.101472159090908e-05,8.032436363636363e-05,8.958071022727271e-05,7.238272727272726e-05
-12,-32,7,7.132517897727273e-05,2.397918181818182e-05,4.966147727272728e-05,7.875988636363635e-05,6.961631249999999e-05,7.80270909090909e-05,8.729721590909091e-05,6.976418181818181e-05
-8,-32,7,6.899185227272726e-05,2.2283772727272726e-05,4.787571022727272e-05,7.780556818181818e-05,6.752979545454545e-05,7.688345454545455e-05,8.534075284090907e-05,6.730163636363636e-05
-4,-32,7,6.752761363636362e-05,2.0631136363636362e-05,4.5977130681818174e-05,7.623457386363635e-05,6.637157386363634e-05,7.515545454545455e-05,8.26619034090909e-05,6.499199999999999e-05
0,-32,7,6.609449147727272e-05,1.9274727272727273e-05,4.5108522727272724e-05,7.479431818181818e-05,6.463632954545455e-05,7.333018181818183e-05,8.137224431818181e-05,6.2814e-05
4,-32,7,6.401347159090908e-05,1.8069477272727273e-05,4.3456306818181815e-05,7.245267045454546e-05,6.37147159090909e-05,7.247909090909092e-05,7.920009943181818e-05,6.0247636363636354e-05
8,-32,7,6.245711079545455e-05,1.6874931818181817e-05,4.194730113636363e-05,7.132428977272727e-05,6.232274999999999e-05,7.097599999999999e-05,7.799390625e-05,5.8367454545454545e-05
12,-32,7,6.0940329545454547e-05,1.5763295454545454e-05,4.131948863636363e-05,7.033482954545455e-05,6.164967613636363e-05,7.036654545454545e-05,7.673194602272727e-05,5.666018181818181e-05
16,-32,7,5.869122443181818e-05,1.3885568181818179e-05,4.003860795454545e-05,6.866275568181817e-05,6.11040340909091e-05,6.928563636363634e-05,7.464105113636362e-05,5.506090909090909e-05
20,-32,7,5.782926988636363e-05,1.2032522727272728e-05,3.925928977272727e-05,6.916704545454545e-05,6.211286931818182e-05,7.02710909090909e-05,7.54184659090909e-05,5.5296181818181815e-05
24,-32,7,5.458011647727272e-05,1.0833272727272726e-05,3.8407102272727274e-05,0.0,6.130246022727272e-05,6.917599999999999e-05,0.0,5.2383927272727274e-05
28,-32,7,5.2679838068181816e-05,9.306886363636363e-06,3.77522443181818e-05,6.789894886363636e-05,6.0323693181818164e-05,6.772818181818181e-05,7.044855113636363e-05,5.206263636363635e-05
32,-32,7,5.107771022727273e-05,7.966772727272727e-06,3.703968749999999e-05,6.729866477272728e-05,5.9093415340909084e-05,6.682327272727273e-05,6.830447443181816e-05,5.171196363636363e-05
36,-32,7,5.0401380681818175e-05,7.112045454545454e-06,3.676599431818182e-05,6.509230113636364e-05,5.577597613636363e-05,6.757254545454546e-05,6.78073721590909e-05,5.3767945454545446e-05
40,-32,7,4.934712784090909e-05,6.348463636363636e-06,3.606522727272727e-05,6.532644886363635e-05,5.6844685227272716e-05,6.631181818181818e-05,6.669720170454544e-05,5.489327272727272e-05
-60,-28,7,0.00012858954545454546,7.588772727272727e-05,9.411477272727273e-05,0.00012988267045454543,0.0001118353806818182,0.0001228338181818182,0.00014307275568181818,0.00012706472727272726
-56,-28,7,0.00012209113636363637,7.086749999999999e-05,8.840198863636363e-05,0.00012612698863636364,0.000107541,0.000117842,0.00013727316761363636,0.00012086745454545453
-52,-28,7,0.00011713039772727272,6.367861363636363e-05,8.537045454545453e-05,0.00011972897727272726,0.0001045992102272727,0.00011474981818181818,0.00013339551136363638,0.0001145901818181818
-48,-28,7,0.00011248184659090908,5.841929545454544e-05,8.018244318181817e-05,0.0001156840909090909,9.982087499999998e-05,0.00010963036363636363,0.00012719022727272726,0.0001086189090909091
-44,-28,7,0.00010741576704545452,5.392847727272727e-05,7.546625e-05,0.00011330511363636362,9.688397727272728e-05,0.0001047870909090909,0.00012340563920454543,0.00010315072727272727
-40,-28,7,0.00010100761363636364,4.927309090909091e-05,7.309355113636364e-05,0.00010739488636363636,9.244259659090907e-05,0.00010212654545454544,0.00011963490056818182,9.822636363636365e-05
-36,-28,7,9.514585227272726e-05,4.532638636363637e-05,6.907048295454544e-05,0.00010394204545454544,8.981365909090908e-05,9.791945454545453e-05,0.00011383992897727273,9.379781818181819e-05
-32,-28,7,9.115747159090909e-05,4.1313704545454545e-05,6.542920454545453e-05,0.00010071136363636363,8.592460227272727e-05,9.571200000000001e-05,0.00011061504261363634,8.97830909090909e-05
-28,-28,7,8.785048295454545e-05,3.7939931818181816e-05,6.211957386363636e-05,9.769460227272727e-05,8.36574375e-05,9.252872727272726e-05,0.00010522872159090907,8.609490909090908e-05
-24,-28,7,8.3548125e-05,3.4848386363636365e-05,6.04828125e-05,9.321363636363635e-05,8.031939204545453e-05,8.928654545454546e-05,0.00010182028409090908,8.265781818181817e-05
-20,-28,7,8.076605113636364e-05,3.181484090909091e-05,5.798622159090909e-05,9.068295454545454e-05,7.839085227272729e-05,8.764254545454545e-05,9.86053693181818e-05,7.941927272727272e-05
-16,-28,7,7.740485795454544e-05,2.931874999999999e-05,5.533667613636363e-05,8.832499999999999e-05,7.555024431818182e-05,8.481745454545455e-05,9.42538778409091e-05,7.635181818181818e-05
-12,-28,7,7.622882386363636e-05,2.6904818181818176e-05,5.4055198863636357e-05,8.475519886363636e-05,7.392978409090909e-05,8.221199999999999e-05,9.202744318181818e-05,7.344981818181818e-05
-8,-28,7,7.347646022727271e-05,2.4932068181818177e-05,5.17409375e-05,8.279144886363635e-05,7.153327840909089e-05,8.090000000000001e-05,8.861494318181817e-05,7.071981818181819e-05
-4,-28,7,7.10104346590909e-05,2.2320454545454542e-05,4.9613238636363634e-05,8.097366477272725e-05,7.019476704545455e-05,7.861636363636364e-05,8.681857954545452e-05,6.816454545454546e-05
0,-28,7,6.946304829545455e-05,2.080793181818182e-05,4.862883522727272e-05,7.814585227272726e-05,6.81988125e-05,7.749600000000002e-05,8.525285511363636e-05,6.518581818181817e-05
4,-28,7,6.724802556818181e-05,1.945097727272727e-05,4.6769772727272725e-05,7.666502840909091e-05,6.711802840909092e-05,7.555254545454546e-05,8.279651988636363e-05,6.294654545454547e-05
8,-28,7,6.574466761363636e-05,1.8116795454545454e-05,4.506011363636364e-05,7.589786931818182e-05,6.548408522727273e-05,7.3828e-05,8.150852272727271e-05,6.0884181818181816e-05
12,-28,7,6.411180681818181e-05,1.697209090909091e-05,4.430579545454545e-05,7.462607954545453e-05,6.464420454545453e-05,7.337636363636364e-05,7.911958806818182e-05,5.9028545454545454e-05
16,-28,7,6.173148579545453e-05,1.5685499999999997e-05,4.296781249999999e-05,7.256573863636363e-05,6.337967045454544e-05,7.205181818181817e-05,7.753244318181818e-05,5.7372545454545455e-05
20,-28,7,5.992197443181818e-05,1.4236727272727271e-05,4.188889204545454e-05,7.270784090909092e-05,6.41929431818182e-05,7.279327272727271e-05,7.777674715909091e-05,5.5824545454545456e-05
24,-28,7,5.8349991477272726e-05,1.2817727272727273e-05,4.04659375e-05,7.217207386363636e-05,6.395609659090907e-05,7.276654545454545e-05,7.532816761363637e-05,5.608981818181817e-05
28,-28,7,5.5639892045454546e-05,1.1298204545454545e-05,4.015406249999999e-05,7.143517045454545e-05,6.354110795454544e-05,7.208836363636363e-05,7.376078125e-05,5.460472727272728e-05
32,-28,7,5.348866193181818e-05,9.257045454545453e-06,3.987102272727272e-05,7.173713068181818e-05,6.340950000000001e-05,7.16541818181818e-05,7.163443181818181e-05,5.4960727272727266e-05
36,-28,7,5.214863352272726e-05,8.646613636363636e-06,3.9110170454545454e-05,7.151948863636362e-05,6.213613636363637e-05,7.064672727272727e-05,7.057615056818181e-05,5.5637636363636356e-05
40,-28,7,5.092721590909091e-05,7.92e-06,3.875559659090908e-05,7.033244318181817e-05,6.149659090909091e-05,6.88710909090909e-05,6.964509943181818e-05,5.5556e-05
-60,-24,7,0.00013577471590909093,8.192477272727272e-05,0.00010332272727272727,0.00013714801136363637,0.00011681607954545457,0.00012854927272727272,0.00014908433238636362,0.00013272454545454546
-56,-24,7,0.00013231048295454543,7.701136363636363e-05,9.81340909090909e-05,0.0001356400568181818,0.00011409407386363637,0.00012639563636363636,0.00014593903409090904,0.00012785218181818182
-52,-24,7,0.00012798741477272727,7.205181818181817e-05,9.497897727272725e-05,0.0001305392045454545,0.0001115658409090909,0.00012209745454545455,0.0001423464914772727,0.00012203709090909091
-48,-24,7,0.00012147724431818179,6.643463636363635e-05,8.914517045454544e-05,0.00012663153409090907,0.00010688272159090908,0.00011699818181818181,0.00013640360795454546,0.00011604145454545455
-44,-24,7,0.00011455031249999999,6.150738636363636e-05,8.366357954545453e-05,0.00012252954545454546,0.00010379930113636363,0.00011400090909090908,0.00013239059659090908,0.00011030745454545454
-40,-24,7,0.00010935306818181818,5.629504545454546e-05,7.865732954545453e-05,0.00011616590909090907,9.897813068181816e-05,0.00010910418181818183,0.0001259496875,0.0001050050909090909
-36,-24,7,0.00010479042613636361,5.1855045454545446e-05,7.616150568181817e-05,0.00011229204545454543,9.605077840909089e-05,0.00010453872727272725,0.00012189678977272728,0.0001001581818181818
-32,-24,7,9.864306818181817e-05,4.767306818181818e-05,7.243446022727272e-05,0.0001086159090909091,9.168456818181818e-05,0.00010214236363636361,0.00011783225852272725,9.572763636363636e-05
-28,-24,7,9.450102272727271e-05,4.3390295454545455e-05,6.851656249999998e-05,0.00010649034090909089,8.910944318181818e-05,9.81741818181818e-05,0.0001117822727272727,9.164527272727273e-05
-24,-24,7,8.951982954545454e-05,3.835447727272727e-05,6.659542613636363e-05,0.00010131505681818182,8.532431249999998e-05,9.454363636363637e-05,0.00010843754261363635,8.784018181818182e-05
-20,-24,7,8.628519886363635e-05,3.492425e-05,6.324269886363637e-05,9.830596590909089e-05,8.312575568181817e-05,9.270436363636363e-05,0.00010309258522727271,8.425490909090909e-05
-16,-24,7,8.355323863636363e-05,3.2105045454545454e-05,6.0192926136363626e-05,9.549772727272725e-05,7.990452272727272e-05,8.952054545454546e-05,9.992051136363635e-05,8.085418181818182e-05
-12,-24,7,7.998289772727271e-05,2.9368749999999996e-05,5.872667613636362e-05,9.137784090909091e-05,7.806189204545455e-05,8.826218181818181e-05,9.71367755681818e-05,7.7628e-05
-8,-24,7,7.776997159090908e-05,2.714963636363636e-05,5.6090681818181815e-05,8.903437500000001e-05,7.535122159090908e-05,8.540945454545455e-05,9.335865056818183e-05,7.458654545454544e-05
-4,-24,7,7.495696022727271e-05,2.5179113636363632e-05,5.367801136363636e-05,8.686079545454545e-05,7.382979545454544e-05,8.279381818181816e-05,9.152941761363635e-05,7.174509090909091e-05
0,-24,7,7.326168749999999e-05,2.3255931818181816e-05,5.255446022727272e-05,8.361156249999998e-05,7.157014772727271e-05,8.149854545454545e-05,8.856803977272726e-05,6.845509090909092e-05
4,-24,7,7.162509375000001e-05,2.1691772727272722e-05,5.069465909090908e-05,8.182321022727273e-05,7.033222159090908e-05,7.928345454545455e-05,8.70023153409091e-05,6.599945454545454e-05
8,-24,7,6.925883522727271e-05,2.0135386363636366e-05,4.872937499999999e-05,8.017525568181819e-05,6.846226704545454e-05,7.731981818181818e-05,8.537269886363636e-05,6.373581818181818e-05
12,-24,7,6.691466761363635e-05,1.8843409090909086e-05,4.6914460227272726e-05,7.866775568181817e-05,6.801721022727272e-05,7.645745454545454e-05,8.253042613636363e-05,6.169145454545454e-05
16,-24,7,6.520829829545454e-05,1.745502272727273e-05,4.609625e-05,7.632701704545453e-05,6.647466477272726e-05,7.487781818181819e-05,8.083839488636363e-05,5.993072727272726e-05
20,-24,7,6.343501704545454e-05,1.6140477272727275e-05,4.449286931818181e-05,7.569832386363635e-05,6.573453409090906e-05,7.426854545454545e-05,7.799353693181818e-05,5.8398000000000006e-05
24,-24,7,6.146680397727272e-05,1.3669068181818179e-05,4.341267045454545e-05,7.594352272727272e-05,6.518984659090907e-05,7.495963636363636e-05,7.806647727272726e-05,5.6958727272727277e-05
28,-24,7,5.8184079545454544e-05,1.2483818181818182e-05,4.3127840909090904e-05,7.476826704545454e-05,6.59262784090909e-05,7.4538e-05,7.65236505681818e-05,5.7724727272727276e-05
32,-24,7,5.653922727272727e-05,1.1745e-05,4.2387301136363634e-05,7.469934659090907e-05,6.563299431818182e-05,7.418981818181819e-05,7.413323863636363e-05,5.898545454545455e-05
36,-24,7,5.5997693181818185e-05,1.065090909090909e-05,4.1674119318181814e-05,7.451292613636361e-05,6.476459659090909e-05,7.242490909090909e-05,7.397332386363635e-05,5.960727272727272e-05
40,-24,7,5.403743181818181e-05,9.584863636363635e-06,4.1669545454545447e-05,7.369136363636364e-05,6.400239204545453e-05,7.1094e-05,7.207779829545454e-05,5.8106545454545445e-05
-60,-20,7,0.00013739215909090905,8.38306818181818e-05,0.00010710085227272727,0.00013447017045454545,0.00011670165340909089,0.00013104945454545452,0.0001536014630681818,0.00013342563636363638
-56,-20,7,0.00013735738636363632,8.30731818181818e-05,0.00010666107954545453,0.00013897642045454544,0.00011879115340909087,0.0001310074545454545,0.00015289661931818183,0.0001322930909090909
-52,-20,7,0.0001338834375,7.97409090909091e-05,0.00010221477272727273,0.00013884034090909088,0.00011807285795454547,0.00012829254545454545,0.00014878426136363636,0.00012843181818181817
-48,-20,7,0.00013002315340909093,7.475977272727272e-05,9.916960227272727e-05,0.00013658352272727273,0.00011475485795454544,0.0001239689090909091,0.0001453344602272727,0.0001232609090909091
-44,-20,7,0.0001257617045454545,6.753379545454545e-05,9.400994318181817e-05,0.00013317869318181817,0.00011197820454545453,0.00012115927272727271,0.00014140269886363634,0.00011773927272727274
-40,-20,7,0.00011889178977272726,6.201845454545454e-05,8.82119318181818e-05,0.00012694090909090908,0.00010711980681818182,0.00011623072727272727,0.0001351636221590909,0.00011231145454545454
-36,-20,7,0.00011362576704545455,5.7247318181818176e-05,8.526732954545453e-05,0.00012275795454545454,0.00010397577272727275,0.00011402436363636363,0.0001308329971590909,0.00010716127272727273
-32,-20,7,0.00010686298295454544,5.271018181818182e-05,8.016747159090908e-05,0.00011862499999999998,9.913670454545455e-05,0.00010940327272727273,0.0001240628409090909,0.00010235327272727273
-28,-20,7,0.00010221826704545453,4.799488636363636e-05,7.555116477272726e-05,0.0001146340909090909,9.621340909090909e-05,0.000105052,0.00011971578125,9.787890909090909e-05
-24,-20,7,9.825136363636362e-05,4.402120454545454e-05,7.329821022727271e-05,0.00010887443181818183,9.188776704545455e-05,0.00010280890909090909,0.00011547730113636363,9.369236363636364e-05
-20,-20,7,9.298201704545454e-05,3.9991545454545453e-05,6.936857954545455e-05,0.00010540482954545454,8.935464204545453e-05,9.888654545454545e-05,0.00010952315340909089,8.973890909090908e-05
-16,-20,7,8.957556818181817e-05,3.665990909090909e-05,6.58137215909091e-05,0.00010215397727272727,8.56452784090909e-05,9.524454545454545e-05,0.00010640813920454545,8.597745454545455e-05
-12,-20,7,8.537241477272727e-05,3.3382e-05,6.41106534090909e-05,9.864232954545453e-05,8.3517e-05,9.336872727272726e-05,0.00010158742897727272,8.23909090909091e-05
-8,-20,7,8.285088068181817e-05,3.073172727272727e-05,6.143261363636364e-05,9.584517045454545e-05,8.039146022727272e-05,9.012109090909092e-05,9.898687499999998e-05,7.899490909090909e-05
-4,-20,7,8.052903409090909e-05,2.8388113636363635e-05,5.8620653409090904e-05,9.324999999999999e-05,7.863139772727272e-05,8.714236363636364e-05,9.678998579545453e-05,7.581872727272727e-05
0,-20,7,7.758051136363634e-05,2.611809090909091e-05,5.6056136363636366e-05,8.952897727272728e-05,7.60205965909091e-05,8.565654545454544e-05,9.346796875e-05,7.216963636363637e-05
4,-20,7,7.576749715909092e-05,2.355456818181818e-05,5.4867585227272725e-05,8.739204545454545e-05,7.457481818181818e-05,8.348945454545454e-05,9.178203125000001e-05,6.947945454545454e-05
8,-20,7,7.316365909090908e-05,2.1838090909090907e-05,5.2622443181818174e-05,8.542159090909091e-05,7.239153409090909e-05,8.232763636363636e-05,8.86679403409091e-05,6.699763636363637e-05
12,-20,7,7.148198863636364e-05,2.0445681818181817e-05,5.0549375000000006e-05,8.361161931818182e-05,7.11985909090909e-05,8.026000000000001e-05,8.662117897727271e-05,6.472909090909091e-05
16,-20,7,6.978487499999998e-05,1.8963954545454545e-05,4.960110795454545e-05,8.092755681818179e-05,7.00815340909091e-05,7.837636363636364e-05,8.433380681818181e-05,6.279818181818181e-05
20,-20,7,6.727464204545454e-05,1.753281818181818e-05,4.7778522727272724e-05,7.951454545454545e-05,6.838757386363637e-05,7.756145454545454e-05,8.104022727272726e-05,6.121309090909091e-05
24,-20,7,6.44644943181818e-05,1.6049113636363633e-05,4.649892045454545e-05,7.839289772727273e-05,6.756177272727271e-05,7.620000000000001e-05,7.925900568181817e-05,5.980581818181818e-05
28,-20,7,6.336058806818181e-05,1.323722727272727e-05,4.603457386363636e-05,7.82563068181818e-05,6.803880681818182e-05,7.709327272727272e-05,7.859423295454544e-05,6.072745454545455e-05
32,-20,7,6.133714772727273e-05,1.383865909090909e-05,0.0,7.784122159090908e-05,6.709834090909089e-05,7.552999999999998e-05,7.470512784090908e-05,5.764054545454546e-05
36,-20,7,5.891601988636364e-05,1.256706818181818e-05,4.415610795454546e-05,7.620048295454545e-05,6.499714772727272e-05,7.399145454545456e-05,7.185657670454544e-05,5.7588727272727276e-05
40,-20,7,5.6937323863636356e-05,1.1419704545454545e-05,4.3604375e-05,7.522789772727272e-05,6.322813636363636e-05,7.247327272727271e-05,6.946394886363634e-05,5.7801454545454544e-05
-60,-16,7,0.00012481465909090908,6.487038636363635e-05,8.92934659090909e-05,0.00011749857954545453,0.00010609725,0.000123428,0.00014916595170454545,0.00012039890909090907
-56,-16,7,0.00013499309659090907,8.115795454545453e-05,0.00010543295454545454,0.00013242073863636362,0.00011679352840909092,0.0001302349090909091,0.00015346241477272725,0.000130088
-52,-16,7,0.00013698051136363634,8.197204545454545e-05,0.00010915482954545455,0.00014028806818181815,0.00011960156250000001,0.00013210127272727273,0.0001545563352272727,0.00013112527272727273
-48,-16,7,0.00013600406249999997,7.960613636363636e-05,0.00010851477272727272,0.00014170653409090907,0.00011967100568181819,0.00013145745454545455,0.00015299153409090909,0.0001286650909090909
-44,-16,7,0.0001333334659090909,7.546545454545454e-05,0.00010409062499999998,0.0001412215909090909,0.00011809970454545455,0.00012833854545454544,0.0001500728125,0.00012448072727272726
-40,-16,7,0.00012783553977272727,7.067977272727272e-05,9.829602272727272e-05,0.00013698494318181817,0.0001140699715909091,0.00012406345454545455,0.00014406178977272727,0.00011959018181818182
-36,-16,7,0.00012290497159090906,6.521311363636363e-05,9.508039772727272e-05,0.00013318806818181817,0.00011106040909090907,0.00012151836363636363,0.00013974298295454544,0.00011450181818181819
-32,-16,7,0.00011815389204545453,6.033159090909091e-05,8.924659090909088e-05,0.00012898806818181818,0.00010608173863636361,0.00011680890909090909,0.00013321288352272727,0.00010950618181818181
-28,-16,7,0.0001113087784090909,5.513315909090909e-05,8.384849431818182e-05,0.00012253892045454543,0.00010294903977272727,0.00011217636363636366,0.00012855042613636362,0.00010473581818181819
-24,-16,7,0.00010658122159090908,5.067968181818181e-05,8.119147727272726e-05,0.00011835170454545454,9.820960227272725e-05,0.00010974581818181818,0.00012392563920454546,0.00010021527272727272
-20,-16,7,0.0001005972443181818,4.605447727272727e-05,7.714051136363637e-05,0.00011433295454545454,9.539452840909091e-05,0.00010591781818181819,0.00011730653409090908,9.591527272727272e-05
-16,-16,7,9.519928977272726e-05,4.058640909090909e-05,7.289747159090907e-05,0.00011052386363636361,9.123461931818181e-05,0.0001017501818181818,0.0001134129971590909,9.179563636363636e-05
-12,-16,7,9.326582386363635e-05,3.717620454545454e-05,6.906704545454545e-05,0.00010524999999999998,8.883226704545452e-05,9.957654545454545e-05,0.00010807561079545454,8.783563636363636e-05
-8,-16,7,8.876019886363637e-05,3.3827181818181814e-05,6.724437499999999e-05,0.00010202357954545454,8.52889943181818e-05,9.584327272727273e-05,0.00010546434659090908,8.405290909090909e-05
-4,-16,7,8.603948863636364e-05,3.114770454545454e-05,6.397059659090909e-05,9.903522727272725e-05,8.328122727272725e-05,9.393163636363637e-05,0.00010298585227272729,8.049381818181818e-05
0,-16,7,8.261514204545454e-05,2.8554159090909085e-05,6.099863636363636e-05,9.49028409090909e-05,8.030113636363637e-05,9.072e-05,9.918039772727272e-05,7.642581818181817e-05
4,-16,7,8.054207386363635e-05,2.6479977272727273e-05,5.961522727272727e-05,9.336960227272728e-05,7.862877272727272e-05,8.786018181818181e-05,9.709079545454543e-05,7.346618181818183e-05
8,-16,7,7.856309659090909e-05,2.4439977272727272e-05,5.702431818181818e-05,9.103579545454545e-05,7.678471022727273e-05,8.653036363636366e-05,9.344156249999999e-05,7.074545454545453e-05
12,-16,7,7.567719034090908e-05,2.2801840909090903e-05,5.463275568181818e-05,8.77247159090909e-05,7.530588068181819e-05,8.416636363636364e-05,9.129693181818181e-05,6.822072727272728e-05
16,-16,7,7.40949034090909e-05,2.094422727272727e-05,5.386042613636363e-05,8.708863636363635e-05,7.53132784090909e-05,8.411072727272726e-05,9.058691761363636e-05,6.604090909090909e-05
20,-16,7,7.211584943181819e-05,1.9314204545454544e-05,5.194059659090908e-05,8.51584943181818e-05,7.303525568181817e-05,8.3088e-05,8.67447159090909e-05,6.428290909090908e-05
24,-16,7,7.02412159090909e-05,1.733106818181818e-05,4.991389204545455e-05,8.344392045454546e-05,7.175556818181817e-05,8.141072727272728e-05,8.434950284090908e-05,6.472581818181818e-05
28,-16,7,6.692016477272726e-05,1.4711727272727273e-05,4.8176278409090914e-05,8.156059659090908e-05,7.028771590909092e-05,8.108945454545455e-05,8.165661931818181e-05,6.369418181818181e-05
32,-16,7,6.570623863636361e-05,1.4585113636363633e-05,4.784764204545453e-05,8.235267045454545e-05,7.099730113636363e-05,8.049872727272727e-05,8.07669318181818e-05,6.191909090909091e-05
36,-16,7,6.240037499999999e-05,1.3936704545454545e-05,4.6232244318181816e-05,7.954889204545454e-05,6.783023863636363e-05,7.732418181818183e-05,7.480705965909089e-05,6.119799999999999e-05
40,-16,7,6.016390056818181e-05,1.2640636363636363e-05,4.4989772727272725e-05,7.738815340909089e-05,6.54104659090909e-05,7.578927272727272e-05,7.303654829545454e-05,6.091836363636363e-05
-60,-12,7,0.00024307721590909086,0.0002629793181818181,0.00028131647727272724,0.00027636732954545453,0.00021586031249999995,0.00021525654545454542,0.0002475752130681818,0.00023231200000000003
-56,-12,7,0.00012026147727272727,5.595331818181817e-05,8.657556818181817e-05,0.00011547357954545454,0.00010595514204545455,0.00012195327272727273,0.00014433730113636362,0.00011613454545454543
-52,-12,7,0.0001289771590909091,7.137386363636363e-05,0.00010258551136363634,0.00012932386363636363,0.00011321386363636365,0.00012969963636363637,0.0001522146732954545,0.00012545709090909093
-48,-12,7,0.00013473051136363634,7.862295454545454e-05,0.00010838522727272726,0.00013816079545454546,0.0001199468693181818,0.00013244872727272727,0.00015491124999999998,0.00012883072727272726
-44,-12,7,0.00013601710227272726,7.923795454545453e-05,0.00011081761363636361,0.00014269374999999998,0.00012166171022727276,0.0001333847272727273,0.00015433677556818181,0.0001282901818181818
-40,-12,7,0.00013535539772727273,7.691977272727273e-05,0.00010791136363636363,0.0001428127840909091,0.00012061779545454543,0.0001311529090909091,0.00015186492897727272,0.00012543618181818183
-36,-12,7,0.00013151352272727272,7.086772727272727e-05,0.00010521136363636362,0.00014053039772727273,0.00011862792613636366,0.00012930036363636361,0.00014844227272727272,0.00012131890909090908
-32,-12,7,0.00012723571022727273,6.608125e-05,0.0001001838068181818,0.0001384150568181818,0.00011431517045454545,0.000125094,0.0001420070880681818,0.00011666563636363636
-28,-12,7,0.00012068846590909088,6.077579545454545e-05,9.420511363636361e-05,0.00013249176136363638,0.00011127673295454544,0.0001226690909090909,0.00013733761363636364,0.00011191254545454546
-24,-12,7,0.00011397886363636361,5.6075181818181815e-05,9.111136363636364e-05,0.000128109375,0.00010633528977272727,0.00011793363636363637,0.0001306378125,0.00010725199999999998
-20,-12,7,0.00011136528409090908,5.1087727272727264e-05,8.56559659090909e-05,0.000123703125,0.00010329267613636361,0.00011318818181818181,0.00012601874999999997,0.00010272618181818181
-16,-12,7,0.00010514173295454545,4.682381818181818e-05,8.06715909090909e-05,0.00011940710227272726,9.864809659090905e-05,0.00011064363636363638,0.0001217715909090909,9.832145454545454e-05
-12,-12,7,0.00010102730113636364,4.283513636363636e-05,7.61575e-05,0.00011351960227272726,9.591976704545454e-05,0.00010612981818181817,0.00011582778409090909,9.402654545454545e-05
-8,-12,7,9.574517045454544e-05,3.884086363636363e-05,7.399028409090908e-05,0.00010975539772727272,9.18270340909091e-05,0.00010188890909090909,0.00011267713068181817,8.986036363636364e-05
-4,-12,7,9.258647727272726e-05,3.5607409090909084e-05,7.014872159090908e-05,0.00010625284090909091,8.946584659090908e-05,0.000100152,0.00010803553977272728,8.58889090909091e-05
0,-12,7,8.98100284090909e-05,3.2489590909090905e-05,6.667667613636364e-05,0.00010157244318181818,8.594297727272726e-05,9.646854545454546e-05,0.00010575943181818181,8.133763636363637e-05
4,-12,7,8.612463068181819e-05,3.0013704545454542e-05,6.502741477272726e-05,9.867926136363636e-05,8.391122727272727e-05,9.321272727272727e-05,0.0001033623721590909,7.80589090909091e-05
8,-12,7,8.27281534090909e-05,2.757463636363636e-05,6.237727272727272e-05,9.59869318181818e-05,8.088985227272725e-05,9.16881818181818e-05,9.91395880681818e-05,7.505618181818182e-05
12,-12,7,8.051215909090908e-05,2.4806522727272725e-05,5.9905085227272725e-05,9.232329545454544e-05,7.911511363636363e-05,8.897672727272727e-05,9.633240056818181e-05,7.226290909090909e-05
16,-12,7,7.9531875e-05,2.2736863636363634e-05,5.8545340909090904e-05,9.139375e-05,7.885082386363636e-05,8.950581818181817e-05,9.37708096590909e-05,7.15490909090909e-05
20,-12,7,7.708525568181818e-05,2.1028568181818183e-05,5.593724431818181e-05,8.9909375e-05,7.623775568181818e-05,8.723345454545454e-05,9.124079545454544e-05,6.774381818181817e-05
24,-12,7,7.394461363636364e-05,1.9399795454545452e-05,5.336355113636363e-05,8.763039772727272e-05,7.466872159090908e-05,8.520818181818184e-05,8.840720170454544e-05,6.601763636363636e-05
28,-12,7,7.089323011363636e-05,1.633922727272727e-05,5.103335227272727e-05,8.481349431818181e-05,7.255142045454545e-05,8.444781818181818e-05,8.491400568181818e-05,6.661345454545453e-05
32,-12,7,6.831897443181819e-05,1.4758704545454545e-05,4.9323693181818174e-05,8.338875e-05,7.173898295454543e-05,8.3376e-05,8.268867897727273e-05,6.601018181818182e-05
36,-12,7,6.621225852272728e-05,1.5010704545454543e-05,4.814676136363636e-05,8.170761363636363e-05,6.92671875e-05,8.120127272727272e-05,7.917738636363635e-05,6.489672727272727e-05
40,-12,7,6.360875284090907e-05,1.4047704545454544e-05,4.719264204545455e-05,0.0,6.723507954545454e-05,8.043654545454546e-05,7.69786505681818e-05,6.462090909090908e-05
-60,-8,7,0.00028912346590909084,0.0003684738636363636,0.00037979346590909084,0.00033015625,0.0002547126988636363,0.00024751799999999996,0.00027993985795454545,0.00026137781818181817
-56,-8,7,0.0002591900284090909,0.00029377499999999997,0.00031723210227272726,0.00029824403409090905,0.00022898411931818177,0.0002256589090909091,0.00026393582386363636,0.00024329145454545452
-48,-8,7,0.00012412303977272728,6.440404545454546e-05,9.286789772727272e-05,0.00012198636363636362,0.00011288156250000002,0.00012591654545454544,0.00014584301136363634,0.00011941690909090907
-44,-8,7,0.00012945349431818181,7.248545454545453e-05,0.00010599374999999998,0.00013282244318181817,0.00011828786931818183,0.0001326190909090909,0.00015289901988636362,0.0001248352727272727
-40,-8,7,0.0001334388068181818,7.572545454545454e-05,0.00011122926136363636,0.00014210170454545453,0.00012246149999999999,0.00013459563636363637,0.00015399238636363633,0.00012671563636363636
-36,-8,7,0.00013542775568181818,7.559227272727272e-05,0.00011202528409090908,0.00014434005681818182,0.00012279582954545455,0.00013454745454545455,0.00015274889204545453,0.00012557327272727273
-32,-8,7,0.00013297781249999998,7.251636363636362e-05,0.00010938664772727272,0.0001436650568181818,0.00012055921022727273,0.00013206145454545455,0.0001498927698863636,0.0001225170909090909
-28,-8,7,0.00013102926136363636,6.815072727272727e-05,0.00010431590909090908,0.00013965937499999998,0.00011823357954545455,0.0001307710909090909,0.00014612720170454545,0.00011856509090909091
-24,-8,7,0.00012540144886363636,6.359820454545455e-05,9.845710227272727e-05,0.0001357414772727273,0.00011370092045454545,0.00012643272727272726,0.0001394244460227273,0.00011427927272727274
-20,-8,7,0.00012085465909090908,5.894593181818181e-05,9.528494318181816e-05,0.0001314065340909091,0.00011067835227272725,0.00012161472727272728,0.00013486041193181816,0.00010986981818181818
-16,-8,7,0.00011439076704545453,5.3859772727272726e-05,8.962073863636363e-05,0.00012664517045454543,0.0001057737784090909,0.00011891927272727272,0.00012851441761363636,0.00010539981818181819
-12,-8,7,0.00010809230113636363,4.936697727272727e-05,8.436821022727273e-05,0.00012223579545454544,0.00010279368749999997,0.00011400199999999998,0.0001245872727272727,0.00010090363636363635
-8,-8,7,0.00010577352272727273,4.303131818181818e-05,8.177193181818182e-05,0.00011798295454545452,9.819397159090907e-05,0.00010925799999999999,0.00012116036931818182,9.643581818181816e-05
-4,-8,7,0.00010016130681818181,3.9341318181818175e-05,7.78121590909091e-05,0.00011394517045454542,9.545764772727271e-05,0.00010675781818181819,0.00011596997159090909,9.207163636363635e-05
0,-8,7,9.53562784090909e-05,3.580254545454545e-05,7.365153409090909e-05,0.00010863380681818182,9.132899999999997e-05,0.00010254963636363638,0.00011325973011363635,8.697872727272726e-05
4,-8,7,9.253866477272726e-05,3.299672727272727e-05,7.157909090909091e-05,0.00010518011363636362,8.973872727272727e-05,0.00010055599999999998,0.00010846801136363637,8.33350909090909e-05
8,-8,7,8.990693181818181e-05,3.052649999999999e-05,6.795732954545455e-05,0.00010194659090909091,8.735653977272726e-05,9.764454545454545e-05,0.00010575666193181818,7.998163636363637e-05
12,-8,7,8.880238636363636e-05,2.767588636363636e-05,6.488301136363636e-05,9.914488636363636e-05,8.522814204545453e-05,9.613472727272727e-05,0.0001042744034090909,7.854763636363637e-05
16,-8,7,8.485900568181817e-05,2.571588636363636e-05,6.324079545454544e-05,9.65306818181818e-05,8.326464204545454e-05,9.478327272727271e-05,9.922693181818182e-05,7.581945454545453e-05
20,-8,7,8.099769886363634e-05,2.3709818181818177e-05,6.04640909090909e-05,9.401136363636363e-05,8.038656818181818e-05,9.222509090909092e-05,9.587370738636363e-05,7.342945454545456e-05
24,-8,7,7.817829545454546e-05,2.2066999999999997e-05,5.7629687500000004e-05,9.053039772727274e-05,7.860562499999998e-05,8.986200000000001e-05,9.131078124999999e-05,7.137109090909092e-05
28,-8,7,7.561830681818182e-05,2.0316545454545453e-05,5.474576704545455e-05,8.823465909090908e-05,7.607727272727273e-05,8.8856e-05,8.887198863636362e-05,6.967236363636364e-05
32,-8,7,7.20915340909091e-05,1.8798272727272727e-05,5.3495681818181804e-05,8.661874999999997e-05,7.484519318181818e-05,8.725872727272727e-05,8.638740056818181e-05,6.837636363636364e-05
36,-8,7,6.950388068181818e-05,1.7488363636363635e-05,5.07572159090909e-05,8.588039772727273e-05,7.320993749999999e-05,8.677727272727273e-05,8.308034090909088e-05,6.75750909090909e-05
40,-8,7,6.652736079545454e-05,1.6040454545454545e-05,4.994238636363637e-05,8.368517045454545e-05,7.209204545454544e-05,8.552363636363636e-05,8.107678977272727e-05,6.723200000000001e-05
-60,-4,7,0.0003659246590909091,0.0004715229545454545,0.0004966471590909091,0.0004111553977272727,0.0003269056874999999,0.0003041538181818182,0.0003511288920454545,0.0003226321818181818
-56,-4,7,0.00030663792613636363,0.0003963213636363636,0.00043284346590909085,0.0003390028409090909,0.00027258942613636356,0.00025909490909090913,0.0002994483522727272,0.0002819629090909091
-52,-4,7,0.00027723502840909097,0.0003260675,0.00034958977272727266,0.00031501534090909087,0.0002458866136363636,0.000244302,0.0002783802272727272,0.00025236981818181815
-48,-4,7,0.0002464573295454545,0.0002575215909090909,0.00030254573863636365,0.00028409431818181817,0.00022045107954545449,0.00022679781818181816,0.0002632869318181818,0.0002336923636363636
-44,-4,7,0.00011719201704545454,4.4843022727272725e-05,8.635568181818181e-05,0.00011777812499999998,0.00010865531249999995,0.00012297145454545456,0.00014167082386363635,0.00011089472727272728
-40,-4,7,0.00012482079545454543,5.661902272727272e-05,9.935539772727273e-05,0.00012425937499999998,0.00011287201704545454,0.00012821563636363636,0.0001452188636363636,0.00011859
-36,-4,7,0.00013020366477272725,6.782556818181819e-05,0.0001095375,0.00013786732954545455,0.00012080309659090907,0.0001342821818181818,0.0001513458522727273,0.00012317472727272727
-32,-4,7,0.00013362545454545453,7.139863636363636e-05,0.00011214886363636363,0.00014316477272727273,0.00012402874431818184,0.00013632363636363636,0.00015217423295454545,0.00012418527272727272
-28,-4,7,0.00013456124999999998,7.134681818181819e-05,0.00011182670454545455,0.0001446630681818182,0.00012403733522727272,0.0001361167272727273,0.0001506360227272727,0.00012273890909090908
-24,-4,7,0.00013264670454545452,6.801443181818181e-05,0.00010794801136363635,0.00014295255681818185,0.00012160312499999998,0.0001334890909090909,0.0001475603409090909,0.00011999872727272727
-20,-4,7,0.00012801400568181816,6.397170454545454e-05,0.00010507159090909092,0.00013981022727272725,0.00011925911931818182,0.0001314349090909091,0.0001438322585227273,0.00011652036363636362
-16,-4,7,0.00012580107954545452,5.9134818181818174e-05,0.00010015056818181817,0.00013406278409090907,0.0001146653693181818,0.00012688763636363635,0.00013751821022727273,0.00011252127272727273
-12,-4,7,0.00011964349431818181,5.449022727272727e-05,9.435511363636364e-05,0.00012962244318181815,0.00011159340340909088,0.00012254545454545455,0.00013368930397727273,0.000108144
-8,-4,7,0.00011322894886363637,4.9492e-05,9.129289772727272e-05,0.00012511931818181817,0.0001065230965909091,0.0001197830909090909,0.00012806292613636364,0.00010356927272727273
-4,-4,7,0.00010879849431818182,4.5167136363636355e-05,8.596704545454545e-05,0.00012069346590909091,0.00010334398295454543,0.00011481909090909091,0.0001250171590909091,9.893345454545452e-05
0,-4,7,0.00010475974431818181,3.9986454545454546e-05,8.073338068181817e-05,0.00011695170454545454,9.9154125e-05,0.00011111709090909092,0.00012328357954545453,9.434218181818182e-05
4,-4,7,0.00010143869318181817,3.7602954545454544e-05,7.859303977272725e-05,0.0001122559659090909,9.561478977272727e-05,0.00010809145454545454,0.00011660852272727271,8.926436363636365e-05
8,-4,7,9.680190340909089e-05,3.471872727272727e-05,7.424329545454545e-05,0.00010844119318181817,9.286068749999998e-05,0.00010414327272727273,0.00011305808238636363,8.555690909090908e-05
12,-4,7,9.251565340909092e-05,3.189395454545454e-05,7.030963068181819e-05,0.00010359488636363636,8.883548863636362e-05,0.00010052272727272727,0.00010724926136363636,8.21450909090909e-05
16,-4,7,8.970289772727272e-05,2.9657590909090906e-05,6.680125e-05,0.00010046420454545453,8.649303409090909e-05,9.890036363636363e-05,0.00010390490056818181,7.903854545454545e-05
20,-4,7,8.693539772727273e-05,2.689813636363636e-05,6.507744318181819e-05,9.758607954545454e-05,8.308673863636366e-05,9.58310909090909e-05,0.00010011901988636364,7.622181818181818e-05
24,-4,7,8.28657102272727e-05,2.426959090909091e-05,6.247749999999999e-05,9.386704545454544e-05,8.107670454545455e-05,9.516236363636362e-05,9.491809659090909e-05,7.373290909090908e-05
28,-4,7,7.991053977272727e-05,2.2432204545454543e-05,5.959409090909091e-05,9.140397727272728e-05,7.817417045454544e-05,9.26090909090909e-05,9.168674715909089e-05,7.162581818181817e-05
32,-4,7,7.599242045454543e-05,2.1395681818181816e-05,5.8181392045454535e-05,8.927102272727272e-05,7.815496022727272e-05,9.042527272727273e-05,8.742389204545453e-05,6.995472727272727e-05
36,-4,7,7.326815624999999e-05,1.9714863636363634e-05,5.59290625e-05,8.746079545454545e-05,7.602739772727272e-05,9.154945454545454e-05,8.519265625e-05,6.883272727272728e-05
40,-4,7,7.14591818181818e-05,1.8192204545454543e-05,5.3717698863636355e-05,8.67150568181818e-05,7.485879545454543e-05,8.989618181818182e-05,8.481225852272726e-05,6.82238181818182e-05
-60,0,7,0.0004588941477272727,0.0005196797727272727,0.0005403482954545456,0.0005057769886363635,0.00038770653409090906,0.00037127527272727274,0.00043235544034090907,0.00041336581818181815
-56,0,7,0.0004128082670454545,0.0005093675,0.0005299264204545454,0.0004405207386363636,0.00033899655681818183,0.0003256992727272727,0.0003796206818181818,0.00037208672727272727
-52,0,7,0.0003481693465909091,0.00046654295454545447,0.00047268380681818176,0.00038561164772727265,0.0003038680909090909,0.00030072236363636365,0.0003476037499999999,0.0003288449090909091
-48,0,7,0.0003061876704545455,0.0003680390909090909,0.0004224758522727273,0.00033835113636363634,0.00025724522727272724,0.0002617532727272727,0.00029895919034090906,0.0002874721818181818
-44,0,7,0.0002752338068181818,0.00028645431818181814,0.00034371647727272724,0.00030514886363636364,0.00023701757386363642,0.00024681599999999996,0.00027722481534090906,0.00025431036363636364
-40,0,7,0.00024230633522727272,0.00024355840909090907,0.000298753125,0.000279190625,0.0002157378920454545,0.00022558745454545455,0.0002607238636363636,0.00023090545454545455
-36,0,7,0.0001165850284090909,4.2386727272727274e-05,8.937272727272728e-05,0.0001218809659090909,0.00011098452272727272,0.00012378400000000002,0.00013872421875,0.00011002527272727272
-32,0,7,0.00011984318181818183,5.717381818181817e-05,0.00010137642045454545,0.0001261051136363636,0.00011535622159090909,0.00013223909090909092,0.0001438817471590909,0.00011306654545454545
-28,0,7,0.00013058897727272726,6.611777272727272e-05,0.00010967812499999999,0.00014125767045454544,0.00012300213068181816,0.00013541945454545454,0.00014996626420454547,0.000120624
-24,0,7,0.00013339892045454544,6.812231818181817e-05,0.00011294829545454544,0.0001448059659090909,0.00012517980681818182,0.00013745363636363635,0.00015073444602272724,0.0001216569090909091
-20,0,7,0.00013415957386363637,6.738636363636364e-05,0.00011250511363636362,0.00014518835227272724,0.00012471160227272725,0.00013713745454545454,0.00014881509943181817,0.00012081163636363634
-16,0,7,0.00013184693181818178,6.493461363636363e-05,0.00010905085227272728,0.00014204119318181818,0.00012175692613636362,0.00013451563636363636,0.00014595288352272728,0.00011850672727272728
-12,0,7,0.00012862738636363634,6.115756818181817e-05,0.00010389374999999999,0.00013841988636363635,0.00011914886931818182,0.00013043545454545456,0.00014277194602272728,0.00011500727272727271
-8,0,7,0.00012287607954545454,5.641754545454544e-05,0.00010070880681818182,0.00013414829545454544,0.00011419573295454545,0.00012787927272727272,0.00013740778409090907,0.00011076945454545455
-4,0,7,0.00012049517045454543,5.179065909090909e-05,9.494488636363634e-05,0.00012957159090909087,0.00011085207954545456,0.00012295199999999998,0.00013454113636363638,0.00010618072727272727
0,0,7,0.00011486582386363636,4.380122727272727e-05,8.864744318181817e-05,0.00012345482954545452,0.00010579895454545455,0.00011926236363636361,0.00012974313920454544,0.00010071909090909089
4,0,7,0.0001093131818181818,4.032518181818182e-05,8.450778409090909e-05,0.00011892386363636362,0.00010418923295454545,0.00011728654545454546,0.00012661150568181817,9.584527272727272e-05
8,0,7,0.00010581392045454545,3.831197727272727e-05,8.191806818181818e-05,0.00011476335227272725,0.00010137284659090907,0.00011326272727272727,0.00012264669034090908,9.182818181818182e-05
12,0,7,0.00010251178977272726,3.4370113636363636e-05,7.78766193181818e-05,0.0001092309659090909,9.592060227272723e-05,0.00011008399999999998,0.00011626210227272727,8.813581818181818e-05
16,0,7,9.774920454545455e-05,3.2037431818181817e-05,7.34756534090909e-05,0.00010692357954545452,9.446074431818181e-05,0.0001062369090909091,0.00011061818181818181,8.4722e-05
20,0,7,9.362838068181819e-05,2.961831818181818e-05,7.15765909090909e-05,0.00010359517045454544,9.061010795454542e-05,0.00010436709090909092,0.00010447309659090909,8.156727272727273e-05
24,0,7,8.91181534090909e-05,2.770772727272727e-05,6.801255681818181e-05,9.925142045454545e-05,8.841882954545455e-05,0.00010303945454545455,0.00010109512784090906,7.87178181818182e-05
28,0,7,8.469613636363636e-05,2.5655590909090906e-05,6.479315340909089e-05,9.652073863636364e-05,8.514605113636363e-05,0.00010025381818181817,9.748633522727271e-05,7.627090909090909e-05
32,0,7,8.294624999999998e-05,2.406915909090909e-05,6.332545454545455e-05,9.406022727272727e-05,8.337835227272725e-05,9.778509090909091e-05,9.26822443181818e-05,7.429527272727272e-05
36,0,7,7.872903409090909e-05,2.263331818181818e-05,6.071673295454545e-05,9.085710227272728e-05,8.076373295454544e-05,9.706163636363637e-05,8.986526988636363e-05,7.393581818181818e-05
40,0,7,7.633638920454546e-05,2.105379545454545e-05,5.8546306818181814e-05,8.895397727272725e-05,7.945003977272726e-05,9.57909090909091e-05,8.803068181818182e-05,7.29670909090909e-05
-60,4,7,0.0005298256534090909,0.0004888588636363636,0.0005204704545454546,0.0005585272727272727,0.0004370074943181818,0.000427134,0.0004806170170454545,0.0004665243636363636
-56,4,7,0.0004951101988636363,0.0005073654545454545,0.0005448704545454545,0.0005251880681818182,0.00040704514772727267,0.00039370563636363637,0.00045586605113636356,0.00043532799999999996
-52,4,7,0.00043837056818181816,0.0005115490909090909,0.0005489417613636364,0.000486325284090909,0.00037970947159090906,0.0003722570909090909,0.0004294694034090908,0.00039921054545454535
-48,4,7,0.0003953388068181818,0.0004900418181818181,0.0005095110795454546,0.0004382980113636363,0.00033264715909090905,0.00033106818181818183,0.00037701624999999996,0.0003599040000000001
-44,4,7,0.0003497566193181818,0.00043372613636363637,0.0004670832386363637,0.00038844460227272724,0.0003022920170454545,0.00030887709090909096,0.0003446233522727272,0.000318874
-40,4,7,0.0002951386363636363,0.00036656636363636367,0.0003957806818181818,0.000326409659090909,0.0002588224943181818,0.0002702741818181818,0.0002961508948863636,0.00027974181818181816
-36,4,7,0.0002550551420454545,0.0002843393181818182,0.00032649545454545455,0.00029542443181818177,0.0002381809261363636,0.00024279981818181814,0.00027379403409090897,0.0002481918181818182
-32,4,7,0.00023907272727272726,0.00023409477272727272,0.0002981389204545454,0.0002697869318181818,0.0002156937443181818,0.00022993090909090904,0.00025551998579545455,0.0002242005454545455
-28,4,7,0.00011608926136363636,3.7034568181818175e-05,9.253749999999999e-05,0.00012442642045454547,0.00011257801704545453,0.00012581781818181816,0.00013805907670454547,0.0001076678181818182
-24,4,7,0.00012013107954545453,5.670715909090909e-05,0.00010598096590909092,0.00013196534090909092,0.00011640681818181816,0.0001332298181818182,0.00014401451704545453,0.00010976309090909092
-20,4,7,0.00012926812499999997,6.197043181818182e-05,0.00011075426136363636,0.00014159488636363634,0.00012399163636363637,0.00013584745454545455,0.00014961707386363635,0.0001172210909090909
-16,4,7,0.0001338174715909091,6.463929545454546e-05,0.00011344772727272728,0.0001457247159090909,0.00012628517045454543,0.00013812727272727272,0.00015006875,0.00012028854545454543
-12,4,7,0.00013421863636363634,6.343027272727273e-05,0.00011156931818181818,0.00014509232954545455,0.00012576911931818182,0.00013794218181818185,0.00014918737215909093,0.00012055290909090907
-8,4,7,0.0001325109375,6.054975e-05,0.00010717073863636363,0.00014253636363636363,0.00012259644886363635,0.0001354530909090909,0.0001459235227272727,0.00011843672727272726
-4,4,7,0.00012806181818181815,5.650986363636364e-05,0.00010412727272727272,0.00013692926136363634,0.00011971121590909092,0.00013149381818181816,0.00014381434659090908,0.00011505345454545455
0,4,7,0.00012398880681818182,5.2171613636363625e-05,9.932982954545454e-05,0.0001325090909090909,0.00011654331818181816,0.00012921545454545454,0.00013887379261363634,0.00010975599999999998
4,4,7,0.00011814954545454543,4.5756090909090904e-05,9.288948863636363e-05,0.00012805454545454544,0.00011115968181818181,0.0001245296363636364,0.00013517045454545455,0.00010501727272727272
8,4,7,0.00011448153409090909,4.246511363636364e-05,9.056420454545453e-05,0.00012421164772727274,0.00010832575568181819,0.00012052490909090909,0.00013090316761363635,0.00010113636363636363
12,4,7,0.00011092934659090907,3.913943181818182e-05,8.581960227272727e-05,0.00011847187500000001,0.00010371864204545451,0.0001184990909090909,0.00012438230113636362,9.752436363636363e-05
16,4,7,0.00010564849431818181,3.650393181818181e-05,8.112971590909091e-05,0.00011471420454545452,0.00010091991477272725,0.00011539818181818183,0.0001197368323863636,9.406927272727273e-05
20,4,7,0.00010213747159090909,3.377327272727272e-05,7.88778693181818e-05,0.00011121392045454544,9.669593181818181e-05,0.00011190890909090908,0.00011311883522727272,9.074799999999998e-05
24,4,7,9.867732954545454e-05,3.166070454545454e-05,7.482036931818181e-05,0.00010640454545454544,9.4269e-05,0.0001105303636363636,0.0001089808096590909,8.764018181818182e-05
28,4,7,9.363835227272725e-05,2.9733477272727275e-05,7.117008522727272e-05,0.00010458522727272725,9.066726136363635e-05,0.00010755672727272728,0.00010520046875,8.49209090909091e-05
32,4,7,9.013193181818181e-05,2.6686727272727272e-05,6.962099431818183e-05,0.00010188607954545454,8.870913068181818e-05,0.00010653727272727273,0.0001004355255681818,8.266727272727273e-05
36,4,7,8.52890625e-05,2.506181818181818e-05,6.688852272727272e-05,9.811051136363635e-05,8.577378409090911e-05,0.00010398254545454546,9.742355113636363e-05,8.085127272727273e-05
40,4,7,8.070340909090909e-05,2.327713636363636e-05,6.419619318181818e-05,9.59875e-05,8.427073295454544e-05,0.00010163036363636362,9.325136363636362e-05,7.955818181818181e-05
-60,8,7,0.0005845581818181818,0.0004779470454545454,0.000536859943181818,0.0005966835227272727,0.00047279817613636365,0.0004665701818181818,0.0005317273295454545,0.0005069609090909091
-56,8,7,0.0005551036363636363,0.0004647695454545454,0.0005279536931818181,0.0005706463068181818,0.0004465712045454545,0.0004526921818181818,0.0005113638636363636,0.00047693618181818184
-52,8,7,0.0005268894034090909,0.0004802304545454545,0.000540890909090909,0.0005510286931818182,0.0004299446931818181,0.00042808909090909084,0.0004776813068181818,0.0004515161818181819
-48,8,7,0.0004815166193181818,0.0004985972727272727,0.000559859375,0.0005229698863636363,0.00039545827840909093,0.0003961627272727273,0.0004520227414772727,0.000422436
-44,8,7,0.00042445840909090905,0.000503868409090909,0.0005581071022727272,0.00046794857954545447,0.0003696054886363636,0.0003815278181818182,0.0004258486079545455,0.00038861836363636367
-40,8,7,0.00038045122159090905,0.0004638177272727272,0.000517844034090909,0.0004228835227272727,0.0003249648579545454,0.0003410352727272728,0.000373993565340909,0.000351038
-36,8,7,0.00033886917613636363,0.00039645545454545454,0.0004453892045454545,0.0003772105113636364,0.00029604141477272727,0.00029868672727272733,0.00034107143465909087,0.00031099636363636366
-32,8,7,0.0003001083238636363,0.0003274165909090909,0.0004004803977272727,0.0003349275568181818,0.0002541110965909091,0.00027737963636363633,0.000291823409090909,0.00027330854545454546
-28,8,7,0.0002578466761363636,0.00026432318181818183,0.00033015625,0.00028706875,0.00023524832386363634,0.0002478812727272727,0.0002694693181818181,0.00024317036363636363
-24,8,7,0.00023399795454545454,0.0002255563636363636,0.00029627840909090907,0.00026632784090909085,0.0002208905284090909,0.00023370690909090908,0.0002505365909090909,0.00021715872727272727
-20,8,7,0.00011783889204545454,3.70773409090909e-05,9.536392045454544e-05,0.0001265582386363636,0.0001137765681818182,0.00012620018181818183,0.00013823191761363636,0.0001066021818181818
-16,8,7,0.00012002625,4.2900068181818175e-05,0.00010105937499999999,0.00013464403409090909,0.00011811724431818181,0.00012962327272727275,0.0001411620880681818,0.00011207872727272728
-12,8,7,0.00013035528409090908,5.6595204545454545e-05,0.0001127622159090909,0.0001447116477272727,0.00012551246590909086,0.0001366118181818182,0.00014968170454545454,0.00011785036363636363
-8,8,7,0.00013311485795454542,6.0267022727272725e-05,0.00011357073863636363,0.00014612215909090906,0.00012676840909090907,0.00013870709090909087,0.00015064156249999997,0.00012021872727272726
-4,8,7,0.00013396372159090911,5.966681818181817e-05,0.00011224431818181818,0.0001446678977272727,0.00012559694318181814,0.00013780018181818178,0.0001507396164772727,0.00011994581818181817
0,8,7,0.0001322953977272727,5.716052272727273e-05,0.00010808096590909092,0.0001416463068181818,0.00012431272159090908,0.0001365603636363636,0.00014847292613636364,0.00011689854545454545
4,8,7,0.00012802551136363637,5.020781818181817e-05,0.00010081392045454545,0.00013613607954545453,0.00011846243181818182,0.00013182981818181817,0.00014493079545454545,0.00011214872727272727
8,8,7,0.00012343423295454545,4.7125272727272725e-05,0.00010037982954545454,0.0001336778409090909,0.00011616448295454545,0.00013065272727272727,0.00013840568181818183,0.0001087970909090909
12,8,7,0.00011991579545454543,4.436175e-05,9.527301136363637e-05,0.00012718068181818181,0.00011184230113636364,0.00012727163636363636,0.00013352348011363635,0.00010471399999999999
16,8,7,0.00011420590909090907,4.124959090909091e-05,9.013977272727271e-05,0.00012281818181818184,0.00010859792045454546,0.00012299836363636365,0.00012805867897727272,0.00010071690909090911
20,8,7,0.00011043997159090909,3.810006818181818e-05,8.755482954545454e-05,0.00011865596590909089,0.00010359156818181815,0.00012130963636363636,0.00012080305397727271,9.677927272727272e-05
24,8,7,0.00010665511363636363,3.565186363636364e-05,8.34134659090909e-05,0.00011288693181818181,0.00010076814204545452,0.00011740872727272728,0.00011593636363636361,9.299236363636364e-05
28,8,7,0.00010113622159090909,3.348024999999999e-05,7.90550284090909e-05,0.00010939517045454544,9.65199375e-05,0.00011380781818181817,0.00010931707386363634,8.959799999999999e-05
32,8,7,9.576690340909088e-05,3.115390909090909e-05,7.71465625e-05,0.00010622130681818182,9.429119318181818e-05,0.00011357545454545454,0.00010545917613636361,8.676836363636362e-05
36,8,7,9.3645e-05,2.9318227272727272e-05,7.348573863636363e-05,0.00010179801136363635,9.084492613636363e-05,0.0001103210909090909,0.00010201897727272726,8.447018181818182e-05
40,8,7,8.832093749999999e-05,2.7271590909090905e-05,7.023843749999999e-05,9.919318181818182e-05,8.911707954545455e-05,0.00010729272727272727,9.740914772727272e-05,8.277054545454547e-05
-60,12,7,0.0007041546306818181,0.0005461704545454545,0.000654259659090909,0.0007027843749999999,0.0005570224943181817,0.0005345214545454546,0.0006102779829545453,0.0005827345454545455
-56,12,7,0.0006247015056818181,0.0004979106818181817,0.0006070255681818181,0.0006216329545454545,0.0004992905113636362,0.0005069630909090909,0.0005742251420454545,0.0005293078181818181
-52,12,7,0.000570436875,0.00046525840909090907,0.0005486178977272727,0.0005873119318181818,0.00047360786931818175,0.0004713558181818182,0.0005271429829545454,0.0004899361818181818
-48,12,7,0.0005421620454545455,0.00046337045454545456,0.0005411724431818182,0.0005626022727272727,0.0004454183522727272,0.000458512,0.0005067857954545454,0.0004629010909090909
-44,12,7,0.0005159280681818182,0.00048421568181818175,0.0005536232954545455,0.0005288142045454546,0.0004299510170454545,0.00043605290909090903,0.00047378684659090905,0.00044012381818181814
-40,12,7,0.0004828860511363636,0.0004968593181818181,0.0005666153409090909,0.000510059659090909,0.00039948657954545454,0.0004050729090909091,0.0004482263352272727,0.0004141236363636363
-36,12,7,0.00042856133522727274,0.0004910747727272727,0.0005488181818181819,0.0004756505681818182,0.00037564967045454543,0.00038479509090909086,0.00042130987215909085,0.00038170054545454547
-32,12,7,0.00036825724431818177,0.0004559468181818181,0.0005239053977272726,0.0004359855113636364,0.00033175525568181815,0.0003439136363636364,0.0003684816761363636,0.0003446856363636364
-28,12,7,0.00032692116477272724,0.0004026797727272727,0.00045516335227272723,0.0003700386363636363,0.0003023738693181817,0.0003063598181818182,0.000335139815340909,0.00030491963636363633
-24,12,7,0.00029237625,0.0003249490909090909,0.000386628125,0.00032829772727272725,0.0002592281761363636,0.00028410599999999995,0.0002874447727272727,0.00026665036363636365
-20,12,7,0.0002518182102272727,0.0002632809090909091,0.00034627556818181816,0.0002940693181818182,0.00023944713068181815,0.0002522532727272727,0.0002676081392045454,0.00023642218181818181
-16,12,7,0.00023286963068181818,0.00021723681818181816,0.00029492244318181815,0.000262612784090909,0.0002224472727272727,0.00023599236363636361,0.0002513195454545455,0.0002117587272727273
-12,12,7,0.00011735769886363635,3.520777272727273e-05,9.77715909090909e-05,0.00012964232954545453,0.00011498872159090909,0.00012670963636363637,0.0001393009090909091,0.00010675145454545453
-8,12,7,0.00012549886363636363,4.7296022727272723e-05,0.00011037840909090908,0.00013895710227272728,0.00012254180113636365,0.00013396381818181819,0.0001460908238636363,0.00011346727272727273
-4,12,7,0.00012763457386363636,5.4265931818181816e-05,0.00011332471590909091,0.00014560255681818178,0.00012560792045454542,0.00013836436363636362,0.00015203186079545454,0.00011820127272727272
0,12,7,0.00013271931818181816,5.5814749999999996e-05,0.00011385710227272725,0.0001462201704545454,0.00012680897727272727,0.00013956636363636363,0.00015470978693181816,0.0001198690909090909
4,12,7,0.00012982602272727271,4.992729545454546e-05,0.00010698522727272726,0.00014089829545454544,0.00012246651136363636,0.0001365761818181818,0.0001515798153409091,0.00011620654545454545
8,12,7,0.00012932616477272728,4.836838636363636e-05,0.00010903607954545451,0.00013992443181818178,0.00012190440340909091,0.00013819781818181815,0.00014786613636363636,0.00011577163636363635
12,12,7,0.0001290078409090909,4.94360909090909e-05,0.00010520625,0.0001376713068181818,0.00012017763068181816,0.00013783636363636363,0.0001442170880681818,0.00011248618181818181
16,12,7,0.00012578497159090906,4.633888636363635e-05,0.00010021448863636363,0.0001335056818181818,0.00011727426136363634,0.00013409454545454543,0.00013567605113636364,0.00010889927272727273
20,12,7,0.00012018656249999998,4.3397659090909086e-05,9.501590909090909e-05,0.0001291349431818182,0.00011213701704545454,0.00013264472727272727,0.00013001421874999999,0.00010509036363636363
24,12,7,0.00011419491477272726,4.0307772727272725e-05,9.248693181818181e-05,0.0001225119318181818,0.00010922446022727274,0.00012838963636363637,0.00012475069602272727,0.00010110018181818183
28,12,7,0.00011200039772727272,3.781504545454545e-05,8.762897727272726e-05,0.00011851647727272724,0.00010450542613636363,0.00012416236363636362,0.00011798977272727272,9.722636363636364e-05
32,12,7,0.00010598062499999998,3.5250613636363635e-05,8.315556818181818e-05,0.00011482642045454545,0.00010209090340909091,0.00012258,0.0001136833380681818,9.391254545454545e-05
36,12,7,0.00010173119318181818,3.323836363636363e-05,8.125431818181818e-05,0.00010952357954545452,9.816485795454544e-05,0.00011868981818181817,0.00010768598011363637,9.119236363636365e-05
40,12,7,9.583798295454545e-05,3.0073749999999996e-05,7.746465909090908e-05,0.0001064400568181818,9.625576704545453e-05,0.00011720127272727272,0.00010424910511363637,8.909818181818181e-05
-60,16,7,0.0008318735795454544,0.0007119818181818182,0.0008311602272727271,0.0008847840909090907,0.0006758313068181818,0.0006798399999999999,0.0007499319602272727,0.0007079490909090908
-56,16,7,0.0007458126136363636,0.0006220356818181817,0.0007583747159090909,0.0007495718749999998,0.0005858309147727272,0.000595310909090909,0.0006849910511363636,0.0006261109090909091
-52,16,7,0.0006552846306818181,0.0005431295454545455,0.0006552053977272727,0.0006809838068181817,0.0005425898863636364,0.0005406841818181818,0.0006037613636363636,0.0005622727272727271
-48,16,7,0.0006262430113636363,0.0004964931818181817,0.0005803903409090909,0.0006297639204545454,0.0004899309545454545,0.0005141469090909092,0.0005688589488636364,0.0005125725454545454
-44,16,7,0.0005703389488636363,0.00046398340909090905,0.0005583599431818182,0.0005774894886363635,0.00046686138068181816,0.00047765327272727265,0.0005226177272727274,0.0004776347272727273
-40,16,7,0.0005306233806818181,0.0004591418181818182,0.0005502423295454546,0.0005533389204545454,0.0004424541306818182,0.00045383472727272725,0.0005016482102272727,0.0004552229090909091
-36,16,7,0.0005031391193181817,0.0004711056818181818,0.0005621204545454546,0.0005320338068181817,0.000428334971590909,0.0004416225454545455,0.0004813992329545454,0.0004352985454545454
-32,16,7,0.0004730446022727273,0.0004895570454545455,0.0005691789772727272,0.0004920599431818181,0.0003967143409090909,0.0004119583636363636,0.0004416652130681818,0.0004090230909090908
-28,16,7,0.0004190172443181817,0.00047405659090909085,0.0005600374999999999,0.00045650539772727273,0.00037208313068181806,0.0003743616363636363,0.0004149245454545454,0.00037574836363636366
-24,16,7,0.0003778240909090909,0.00042679863636363636,0.0005149556818181818,0.0004311596590909091,0.00032683815340909085,0.00035151672727272724,0.00036349200284090913,0.0003377307272727273
-20,16,7,0.0003197219318181818,0.0003677488636363636,0.00044407386363636367,0.00038650227272727267,0.0002971595454545454,0.000307456,0.00033309951704545447,0.0002975065454545455
-16,16,7,0.0002847208806818182,0.0002915509090909091,0.0004011494318181818,0.00032196562499999995,0.0002695088693181818,0.00028942581818181814,0.00030486625,0.000259294
-12,16,7,0.00025739463068181817,0.00023837249999999997,0.00032444460227272725,0.00028810596590909086,0.00024335122159090906,0.0002568910909090909,0.00026885514204545453,0.00022846490909090913
-4,16,7,0.00011582488636363636,3.369375e-05,0.0001052860795454545,0.0001323713068181818,0.00011640443181818182,0.0001273429090909091,0.00014128636363636363,0.00010977236363636362
0,16,7,0.00011857985795454544,3.607688636363636e-05,0.0001034502840909091,0.00013621306818181817,0.00011929073863636358,0.00013054727272727274,0.00014458566761363636,0.00011149054545454545
4,16,7,0.00012209420454545452,4.1793954545454545e-05,0.00010791789772727275,0.00013979801136363636,0.00012070418181818185,0.0001360374545454545,0.0001503346590909091,0.0001135170909090909
8,16,7,0.00012519153409090906,4.409002272727273e-05,0.00010899573863636364,0.00014233920454545456,0.00012316464204545455,0.0001395832727272727,0.0001503407528409091,0.00011788981818181818
12,16,7,0.00013298625,5.1340045454545455e-05,0.00011345738636363636,0.0001460122159090909,0.00012841440340909092,0.00014527272727272726,0.00015129359374999998,0.00011724872727272727
16,16,7,0.00013164264204545455,4.8909431818181814e-05,0.00010997556818181817,0.00014332670454545455,0.0001274873011363636,0.00014554545454545454,0.00014465823863636364,0.00011552399999999999
20,16,7,0.00012912136363636361,4.633918181818181e-05,0.00010512869318181817,0.0001395372159090909,0.00012380120454545454,0.0001429629090909091,0.00013928041193181815,0.00011297090909090909
24,16,7,0.00012571389204545455,4.3512386363636356e-05,0.00010263778409090909,0.00013250568181818182,0.00012132308522727271,0.0001402689090909091,0.00013184160511363636,0.00010968345454545454
28,16,7,0.00012003749999999998,3.893138636363636e-05,9.7375e-05,0.00013014119318181816,0.00011638939772727269,0.00013817218181818178,0.00012726205965909088,0.00010641181818181816
32,16,7,0.00011515372159090907,3.830977272727272e-05,9.235000000000001e-05,0.00012560312499999997,0.00011370306818181817,0.0001336081818181818,0.00012247772727272727,0.00010219527272727271
36,16,7,0.00010879874999999997,3.6211818181818184e-05,9.01775568181818e-05,0.00011911221590909089,0.00010903032954545453,0.00012896927272727272,0.00011626930397727272,9.902672727272727e-05
40,16,7,0.0001061956534090909,3.3941999999999995e-05,8.622954545454544e-05,0.00011539431818181819,0.00010679979545454545,0.0001270530909090909,0.00011241473011363636,9.647618181818181e-05
